use teachsync;

/* Level 0 */
insert into location_unit(parentId, level, unitName, unitAlias, unitType, status)
values (null, 0, 'Việt Nam', 'VN', 'COUNTRY', 'CREATED');

/* Level 1 */
insert into location_unit(parentId, level, unitName, unitAlias, unitType, status)
values
    /* A */
    (1, 1, 'An Giang', 'An Giang', 'MUNICIPALITY', 'DELETED'),

    /* B */
    (1, 1, 'Bà Rịa – Vũng Tàu', 'Vũng Tàu', 'MUNICIPALITY', 'DELETED'),
    (1, 1, 'Bắc Giang', 'Bắc Giang', 'MUNICIPALITY', 'DELETED'),
    (1, 1, 'Bắc Kạn', 'Bắc Kạn', 'MUNICIPALITY', 'DELETED'),
    (1, 1, 'Bạc Liêu', 'Bạc Liêu', 'MUNICIPALITY', 'DELETED'),
    (1, 1, 'Bắc Ninh', 'Bắc Ninh', 'MUNICIPALITY', 'DELETED'),
    (1, 1, 'Bến Tre', 'Bến Tre', 'MUNICIPALITY', 'DELETED'),
    (1, 1, 'Bình Định', 'Bình Định', 'MUNICIPALITY', 'DELETED'),
    (1, 1, 'Bình Dương', 'Bình Dương', 'MUNICIPALITY', 'DELETED'),
    (1, 1, 'Bình Phước', 'Bình Phước', 'MUNICIPALITY', 'DELETED'),
    (1, 1, 'Bình Thuận', 'Bình Thuận', 'MUNICIPALITY', 'DELETED'),

    /* C */
    (1, 1, 'Cà Mau', 'Cà Mau', 'MUNICIPALITY', 'DELETED'),
    (1, 1, 'Cần Thơ', 'TP.Cần Thơ', 'MUNICIPALITY', 'DELETED'),
    (1, 1, 'Cao Bằng', 'Cao Bằng', 'MUNICIPALITY', 'DELETED'),

    /* D */
    (1, 1, 'Đà Nẵng', 'TP.Đà Nẵng', 'MUNICIPALITY', 'DELETED'),
    (1, 1, 'Đắk Lắk', 'Đắk Lắk', 'MUNICIPALITY', 'DELETED'),
    (1, 1, 'Đắk Nông', 'Đắk Nông', 'MUNICIPALITY', 'DELETED'),
    (1, 1, 'Điện Biên', 'Điện Biên', 'MUNICIPALITY', 'DELETED'),
    (1, 1, 'Đồng Nai', 'Đồng Nai', 'MUNICIPALITY', 'DELETED'),
    (1, 1, 'Đồng Tháp', 'Đồng Tháp', 'MUNICIPALITY', 'DELETED'),

    /* G */
    (1, 1, 'Gia Lai', 'Gia Lai', 'MUNICIPALITY', 'DELETED'),

    /* H */
    (1, 1, 'Hà Giang', 'Hà Giang', 'MUNICIPALITY', 'DELETED'),
    (1, 1, 'Hà Nam', 'Hà Nam', 'MUNICIPALITY', 'DELETED'),
    (1, 1, 'Hà Nội', 'TP.Hà Nội', 'MUNICIPALITY', 'CREATED'),
    (1, 1, 'Hà Tĩnh', 'Hà Tĩnh', 'MUNICIPALITY', 'DELETED'),
    (1, 1, 'Hải Dương', 'Hải Dương', 'MUNICIPALITY', 'DELETED'),
    (1, 1, 'Hải Phòng', 'TP.Hải Phòng', 'MUNICIPALITY', 'DELETED'),
    (1, 1, 'Hậu Giang', 'Hậu Giang', 'MUNICIPALITY', 'DELETED'),
    (1, 1, 'Hòa Bình', 'Hòa Bình', 'MUNICIPALITY', 'DELETED'),
    (1, 1, 'Hưng Yên', 'Hưng Yên', 'MUNICIPALITY', 'DELETED'),

    /* K */
    (1, 1, 'Khánh Hòa', 'Khánh Hòa', 'MUNICIPALITY', 'DELETED'),
    (1, 1, 'Kiên Giang', 'Kiên Giang', 'MUNICIPALITY', 'DELETED'),
    (1, 1, 'Kon Tum', 'Kon Tum', 'MUNICIPALITY', 'DELETED'),

    /* L */
    (1, 1, 'Lai Châu', 'Lai Châu', 'MUNICIPALITY', 'DELETED'),
    (1, 1, 'Lâm Đồng', 'Lâm Đồng', 'MUNICIPALITY', 'DELETED'),
    (1, 1, 'Lạng Sơn', 'Lạng Sơn', 'MUNICIPALITY', 'DELETED'),
    (1, 1, 'Lào Cai', 'Lào Cai', 'MUNICIPALITY', 'DELETED'),
    (1, 1, 'Long An', 'Long An', 'MUNICIPALITY', 'DELETED'),

    /* N */
    (1, 1, 'Nam Định', 'Nam Định', 'MUNICIPALITY', 'DELETED'),
    (1, 1, 'Nghệ An', 'Nghệ An', 'MUNICIPALITY', 'DELETED'),
    (1, 1, 'Ninh Bình', 'Ninh Bình', 'MUNICIPALITY', 'DELETED'),
    (1, 1, 'Ninh Thuận', 'Ninh Thuận', 'MUNICIPALITY', 'DELETED'),

    /* P */
    (1, 1, 'Phú Thọ', 'Phú Thọ', 'MUNICIPALITY', 'DELETED'),
    (1, 1, 'Phú Yên', 'Phú Yên', 'MUNICIPALITY', 'DELETED'),

    /* Q */
    (1, 1, 'Quảng Bình', 'Quảng Bình', 'MUNICIPALITY', 'DELETED'),
    (1, 1, 'Quảng Nam', 'Quảng Nam', 'MUNICIPALITY', 'DELETED'),
    (1, 1, 'Quảng Ngãi', 'Quảng Ngãi', 'MUNICIPALITY', 'DELETED'),
    (1, 1, 'Quảng Ninh', 'Quảng Ninh', 'MUNICIPALITY', 'DELETED'),
    (1, 1, 'Quảng Trị', 'Quảng Trị', 'MUNICIPALITY', 'DELETED'),

    /* S */
    (1, 1, 'Sóc Trăng', 'Sóc Trăng', 'MUNICIPALITY', 'DELETED'),
    (1, 1, 'Sơn La', 'Sơn La', 'MUNICIPALITY', 'DELETED'),

    /* T */
    (1, 1, 'Tây Ninh', 'Tây Ninh', 'MUNICIPALITY', 'DELETED'),
    (1, 1, 'Thái Bình', 'Thái Bình', 'MUNICIPALITY', 'DELETED'),
    (1, 1, 'Thái Nguyên', 'Thái Nguyên', 'MUNICIPALITY', 'DELETED'),
    (1, 1, 'Thanh Hóa', 'Thanh Hóa', 'MUNICIPALITY', 'DELETED'),
    (1, 1, 'Thừa Thiên Huế', 'Huế', 'MUNICIPALITY', 'DELETED'),
    (1, 1, 'Tiền Giang', 'Tiền Giang', 'MUNICIPALITY', 'DELETED'),
    (1, 1, 'Thành phố Hồ Chí Minh', 'TP.HCM', 'MUNICIPALITY', 'CREATED'),
    (1, 1, 'Trà Vinh', 'Trà Vinh', 'MUNICIPALITY', 'DELETED'),
    (1, 1, 'Tuyên Quang', 'Tuyên Quang', 'MUNICIPALITY', 'DELETED'),

    /* V */
    (1, 1, 'Vĩnh Long', 'Vĩnh Long', 'MUNICIPALITY', 'DELETED'),
    (1, 1, 'Vĩnh Phúc', 'Vĩnh Phúc', 'MUNICIPALITY', 'DELETED'),

    /* Y */
    (1, 1, 'Yên Bái', 'Yên Bái', 'MUNICIPALITY', 'DELETED');

/* Level 2 */
insert into location_unit(parentId, level, unitName, unitAlias, unitType, status)
values
    /* An Giang */
    (2, 2, 'Thành phố Long Xuyên', 'TP.Long Xuyên', 'DISTRICT', 'CREATED'),
    (2, 2, 'Thành phố Châu Đốc', 'TP.Châu Đốc', 'DISTRICT', 'CREATED'),
    (2, 2, 'Thị xã Tân Châu', 'TX.Tân Châu', 'DISTRICT', 'CREATED'),
    (2, 2, 'Thị xã Tịnh Biên', 'TX.Tịnh Biên', 'DISTRICT', 'CREATED'),
    (2, 2, 'Huyện An Phú', 'H.An Phú', 'DISTRICT', 'CREATED'),
    (2, 2, 'Huyện Châu Phú', 'H.Châu Phú', 'DISTRICT', 'CREATED'),
    (2, 2, 'Huyện Châu Thành', 'H.Châu Thành', 'DISTRICT', 'CREATED'),
    (2, 2, 'Huyện Chợ Mới', 'H.Chợ Mới', 'DISTRICT', 'CREATED'),
    (2, 2, 'Huyện Phú Tân', 'H.Phú Tân', 'DISTRICT', 'CREATED'),
    (2, 2, 'Huyện Thoại Sơn', 'H.Thoại Sơn', 'DISTRICT', 'CREATED'),
    (2, 2, 'Huyện Tri Tôn', 'H.Tri Tôn', 'DISTRICT', 'CREATED'),

    /* Bà Rịa – Vũng Tàu */
    (3, 2, 'Thành phố Bà Rịa', 'TP.Bà Rịa', 'DISTRICT', 'CREATED'),
    (3, 2, 'Thành phố Vũng Tàu', 'TP.Vũng Tàu', 'DISTRICT', 'CREATED'),
    (3, 2, 'Thị xã Phú Mỹ', 'TX.Phú Mỹ', 'DISTRICT', 'CREATED'),
    (3, 2, 'Huyện Châu Đức', 'H.Châu Đức', 'DISTRICT', 'CREATED'),
    (3, 2, 'Huyện Côn Đảo', 'H.Côn Đảo', 'DISTRICT', 'CREATED'),
    (3, 2, 'Huyện Đất Đỏ', 'H.Đất Đỏ', 'DISTRICT', 'CREATED'),
    (3, 2, 'Huyện Long Điền', 'H.Long Điền', 'DISTRICT', 'CREATED'),
    (3, 2, 'Huyện Xuyên Mộc', 'H.Xuyên Mộc', 'DISTRICT', 'CREATED'),

    /* Bắc Giang */
    (4, 2, 'Thành phố Bắc Giang', 'TP.Bắc Giang', 'DISTRICT', 'CREATED'),
    (4, 2, 'Huyện Hiệp Hòa', 'H.Hiệp Hòa', 'DISTRICT', 'CREATED'),
    (4, 2, 'Huyện Lạng Giang', 'H.Lạng Giang', 'DISTRICT', 'CREATED'),
    (4, 2, 'Huyện Lục Nam', 'H.Lục Nam', 'DISTRICT', 'CREATED'),
    (4, 2, 'Huyện Lục Ngạn', 'H.Lục Ngạn', 'DISTRICT', 'CREATED'),
    (4, 2, 'Huyện Sơn Động', 'H.Sơn Động', 'DISTRICT', 'CREATED'),
    (4, 2, 'Huyện Tân Yên', 'H.Tân Yên', 'DISTRICT', 'CREATED'),
    (4, 2, 'Huyện Việt Yên', 'H.Việt Yên', 'DISTRICT', 'CREATED'),
    (4, 2, 'Huyện Yên Dũng', 'H.Yên Dũng', 'DISTRICT', 'CREATED'),
    (4, 2, 'Huyện Yên Thế', 'H.Yên Thế', 'DISTRICT', 'CREATED'),

    /* Bắc Kạn */
    (5, 2, 'Thành phố Bắc Kạn', 'TP.Bắc Kạn', 'DISTRICT', 'CREATED'),
    (5, 2, 'Huyện Ba Bể', 'H.Ba Bể', 'DISTRICT', 'CREATED'),
    (5, 2, 'Huyện Bạch Thông', 'H.Bạch Thông', 'DISTRICT', 'CREATED'),
    (5, 2, 'Huyện Chợ Đồn', 'H.Chợ Đồn', 'DISTRICT', 'CREATED'),
    (5, 2, 'Huyện Chợ Mới', 'H.Chợ Mới', 'DISTRICT', 'CREATED'),
    (5, 2, 'Huyện Na Rì', 'H.Na Rì', 'DISTRICT', 'CREATED'),
    (5, 2, 'Huyện Ngân Sơn', 'H.Ngân Sơn', 'DISTRICT', 'CREATED'),
    (5, 2, 'Huyện Pác Nặm', 'H.Pác Nặm', 'DISTRICT', 'CREATED'),

    /* Bạc Liêu */
    (6, 2, 'Thành phố Bạc Liêu', 'TP.Bạc Liêu', 'DISTRICT', 'CREATED'),
    (6, 2, 'Thị xã Giá Rai', 'TX.Giá Rai', 'DISTRICT', 'CREATED'),
    (6, 2, 'Huyện Đông Hải', 'H.Đông Hải', 'DISTRICT', 'CREATED'),
    (6, 2, 'Huyện Hòa Bình', 'H.Hòa Bình', 'DISTRICT', 'CREATED'),
    (6, 2, 'Huyện Hồng Dân', 'H.Hồng Dân', 'DISTRICT', 'CREATED'),
    (6, 2, 'Huyện Phước Long', 'H.Phước Long', 'DISTRICT', 'CREATED'),
    (6, 2, 'Huyện Vĩnh Lợi', 'H.Vĩnh Lợi', 'DISTRICT', 'CREATED'),

    /* Bắc Ninh */
    (7, 2, 'Thành phố Bắc Ninh', 'TP.Bắc Ninh', 'DISTRICT', 'CREATED'),
    (7, 2, 'Thành phố Từ Sơn', 'TP.Từ Sơn', 'DISTRICT', 'CREATED'),
    (7, 2, 'Thị xã Quế Võ', 'TX.Quế Võ', 'DISTRICT', 'CREATED'),
    (7, 2, 'Thị xã Thuận Thành', 'TX.Thuận Thành', 'DISTRICT', 'CREATED'),
    (7, 2, 'Huyện Yên Phong', 'H.Yên Phong', 'DISTRICT', 'CREATED'),
    (7, 2, 'Huyện Tiên Du', 'H.Tiên Du', 'DISTRICT', 'CREATED'),
    (7, 2, 'Huyện Gia Bình', 'H.Gia Bình', 'DISTRICT', 'CREATED'),
    (7, 2, 'Huyện Lương Tài', 'H.Lương Tài', 'DISTRICT', 'CREATED'),

    /* Bến Tre */
    (8, 2, 'Thành phố Bến Tre', 'TP.Bến Tre', 'DISTRICT', 'CREATED'),
    (8, 2, 'Huyện Ba Tri', 'H.Ba Tri', 'DISTRICT', 'CREATED'),
    (8, 2, 'Huyện Bình Đại', 'H.Bình Đại', 'DISTRICT', 'CREATED'),
    (8, 2, 'Huyện Châu Thành', 'H.Châu Thành', 'DISTRICT', 'CREATED'),
    (8, 2, 'Huyện Chợ Lách', 'H.Chợ Lách', 'DISTRICT', 'CREATED'),
    (8, 2, 'Huyện Giồng Trôm', 'H.Giồng Trôm', 'DISTRICT', 'CREATED'),
    (8, 2, 'Huyện Mỏ Cày Bắc', 'H.Mỏ Cày Bắc', 'DISTRICT', 'CREATED'),
    (8, 2, 'Huyện Mỏ Cày Nam', 'H.Mỏ Cày Nam', 'DISTRICT', 'CREATED'),
    (8, 2, 'Huyện Thạnh Phú', 'H.Thạnh Phú', 'DISTRICT', 'CREATED'),

    /* Bình Định */
    (9, 2, 'Thành phố Quy Nhơn', 'TP.Quy Nhơn', 'DISTRICT', 'CREATED'),
    (9, 2, 'Thị xã An Nhơn', 'TX.An Nhơn', 'DISTRICT', 'CREATED'),
    (9, 2, 'Thị xã Hoài Nhơn', 'TX.Hoài Nhơn', 'DISTRICT', 'CREATED'),
    (9, 2, 'Huyện An Lão', 'H.An Lão', 'DISTRICT', 'CREATED'),
    (9, 2, 'Huyện Hoài Ân', 'H.Hoài Ân', 'DISTRICT', 'CREATED'),
    (9, 2, 'Huyện Phù Cát', 'H.Phù Cát', 'DISTRICT', 'CREATED'),
    (9, 2, 'Huyện Phù Mỹ', 'H.Phù Mỹ', 'DISTRICT', 'CREATED'),
    (9, 2, 'Huyện Tây Sơn', 'H.Tây Sơn', 'DISTRICT', 'CREATED'),
    (9, 2, 'Huyện Tuy Phước', 'H.Tuy Phước', 'DISTRICT', 'CREATED'),
    (9, 2, 'Huyện Vân Canh', 'H.Vân Canh', 'DISTRICT', 'CREATED'),
    (9, 2, 'Huyện Vĩnh Thạnh', 'H.Vĩnh Thạnh', 'DISTRICT', 'CREATED'),

    /* Bình Dương */
    (10, 2, 'Thành phố Thủ Dầu Một', 'TP.Thủ Dầu Một', 'DISTRICT', 'CREATED'),
    (10, 2, 'Thành phố Dĩ An', 'TP.Dĩ An', 'DISTRICT', 'CREATED'),
    (10, 2, 'Thành phố Tân Uyên', 'TP.Tân Uyên', 'DISTRICT', 'CREATED'),
    (10, 2, 'Thành phố Thuận An', 'TP.Thuận An', 'DISTRICT', 'CREATED'),
    (10, 2, 'Thị xã Bến Cát', 'TX.Bến Cát', 'DISTRICT', 'CREATED'),
    (10, 2, 'Huyện Bàu Bàng', 'H.Bàu Bàng', 'DISTRICT', 'CREATED'),
    (10, 2, 'Huyện Bắc Tân Uyên', 'H.Bắc Tân Uyên', 'DISTRICT', 'CREATED'),
    (10, 2, 'Huyện Dầu Tiếng', 'H.Dầu Tiếng', 'DISTRICT', 'CREATED'),
    (10, 2, 'Huyện Phú Giáo', 'H.Phú Giáo', 'DISTRICT', 'CREATED'),

    /* Bình Phước */
    (11, 2, 'Thành phố Đồng Xoài', 'TP.Đồng Xoài', 'DISTRICT', 'CREATED'),
    (11, 2, 'Thị xã Bình Long', 'TX.Bình Long', 'DISTRICT', 'CREATED'),
    (11, 2, 'Thị xã Chơn Thành', 'TX.Chơn Thành', 'DISTRICT', 'CREATED'),
    (11, 2, 'Thị xã Phước Long', 'TX.Phước Long', 'DISTRICT', 'CREATED'),
    (11, 2, 'Huyện Bù Đăng', 'H.Bù Đăng', 'DISTRICT', 'CREATED'),
    (11, 2, 'Huyện Bù Đốp', 'H.Bù Đốp', 'DISTRICT', 'CREATED'),
    (11, 2, 'Huyện Bù Gia Mập', 'H.Bù Gia Mập', 'DISTRICT', 'CREATED'),
    (11, 2, 'Huyện Đồng Phú', 'H.Đồng Phú', 'DISTRICT', 'CREATED'),
    (11, 2, 'Huyện Hớn Quản', 'H.Hớn Quản', 'DISTRICT', 'CREATED'),
    (11, 2, 'Huyện Lộc Ninh', 'H.Lộc Ninh', 'DISTRICT', 'CREATED'),
    (11, 2, 'Huyện Phú Riềng', 'H.Phú Riềng', 'DISTRICT', 'CREATED'),

    /* Bình Thuận */
    (12, 2, 'Thành phố Phan Thiết', 'TP.Phan Thiết', 'DISTRICT', 'CREATED'),
    (12, 2, 'Thị xã La Gi', 'TX.La Gi', 'DISTRICT', 'CREATED'),
    (12, 2, 'Huyện Bắc Bình', 'H.Bắc Bình', 'DISTRICT', 'CREATED'),
    (12, 2, 'Huyện Đức Linh', 'H.Đức Linh', 'DISTRICT', 'CREATED'),
    (12, 2, 'Huyện Hàm Tân', 'H.Hàm Tân', 'DISTRICT', 'CREATED'),
    (12, 2, 'Huyện Hàm Thuận Bắc', 'H.Hàm Thuận Bắc', 'DISTRICT', 'CREATED'),
    (12, 2, 'Huyện Hàm Thuận Nam', 'H.Hàm Thuận Nam', 'DISTRICT', 'CREATED'),
    (12, 2, 'Huyện Phú Quý', 'H.Phú Quý', 'DISTRICT', 'CREATED'),
    (12, 2, 'Huyện Tánh Linh', 'H.Tánh Linh', 'DISTRICT', 'CREATED'),
    (12, 2, 'Huyện Tuy Phong', 'H.Tuy Phong', 'DISTRICT', 'CREATED'),

    /* Cà Mau */
    (13, 2, 'Thành phố Cà Mau', 'TP.Cà Mau', 'DISTRICT', 'CREATED'),
    (13, 2, 'Huyện Cà Mau', 'H.Cà Mau', 'DISTRICT', 'CREATED'),
    (13, 2, 'Huyện Đầm Dơi', 'H.Đầm Dơi', 'DISTRICT', 'CREATED'),
    (13, 2, 'Huyện Năm Căn', 'H.Năm Căn', 'DISTRICT', 'CREATED'),
    (13, 2, 'Huyện Ngọc Hiển', 'H.Ngọc Hiển', 'DISTRICT', 'CREATED'),
    (13, 2, 'Huyện Phú Tân', 'H.Phú Tân', 'DISTRICT', 'CREATED'),
    (13, 2, 'Huyện Thới Bình', 'H.Thới Bình', 'DISTRICT', 'CREATED'),
    (13, 2, 'Huyện Trần Văn Thời', 'H.Trần Văn Thời', 'DISTRICT', 'CREATED'),
    (13, 2, 'Huyện U Minh', 'H.U Minh', 'DISTRICT', 'CREATED'),

    /* Cần Thơ */
    (14, 2, 'Quận Bình Thủy', 'Q.Bình Thủy', 'DISTRICT', 'CREATED'),
    (14, 2, 'Quận Cái Răng', 'Q.Cái Răng', 'DISTRICT', 'CREATED'),
    (14, 2, 'Quận Ninh Kiều', 'Q.Ninh Kiều', 'DISTRICT', 'CREATED'),
    (14, 2, 'Quận Ô Môn', 'Q.Ô Môn', 'DISTRICT', 'CREATED'),
    (14, 2, 'Quận Thốt Nốt', 'Q.Thốt Nốt', 'DISTRICT', 'CREATED'),
    (14, 2, 'Huyện Cờ Đỏ', 'H.Cờ Đỏ', 'DISTRICT', 'CREATED'),
    (14, 2, 'Huyện Phong Điền', 'H.Phong Điền', 'DISTRICT', 'CREATED'),
    (14, 2, 'Huyện Thới Lai', 'H.Thới Lai', 'DISTRICT', 'CREATED'),
    (14, 2, 'Huyện Vĩnh Thạnh', 'H.Vĩnh Thạnh', 'DISTRICT', 'CREATED'),

    /* Cao Bằng */
    (15, 2, 'Thành phố Cao Bằng', 'TP.Cao Bằng', 'DISTRICT', 'CREATED'),
    (15, 2, 'Huyện Bảo Lạc', 'H.Bảo Lạc', 'DISTRICT', 'CREATED'),
    (15, 2, 'Huyện Bảo Lâm', 'H.Bảo Lâm', 'DISTRICT', 'CREATED'),
    (15, 2, 'Huyện Hạ Lang', 'H.Hạ Lang', 'DISTRICT', 'CREATED'),
    (15, 2, 'Huyện Hà Quảng', 'H.Hà Quảng', 'DISTRICT', 'CREATED'),
    (15, 2, 'Huyện Hòa An', 'H.Hòa An', 'DISTRICT', 'CREATED'),
    (15, 2, 'Huyện Nguyên Bình', 'H.Nguyên Bình', 'DISTRICT', 'CREATED'),
    (15, 2, 'Huyện Quảng Hòa', 'H.Quảng Hòa', 'DISTRICT', 'CREATED'),
    (15, 2, 'Huyện Thạch An', 'H.Thạch An', 'DISTRICT', 'CREATED'),
    (15, 2, 'Huyện Trùng Khánh', 'H.Trùng Khánh', 'DISTRICT', 'CREATED'),

    /* Đà Nẵng */
    (16, 2, 'Quận Cẩm Lệ', 'Q.Cẩm Lệ', 'DISTRICT', 'CREATED'),
    (16, 2, 'Quận Hải Châu', 'Q.Hải Châu', 'DISTRICT', 'CREATED'),
    (16, 2, 'Quận Liên Chiểu', 'Q.Liên Chiểu', 'DISTRICT', 'CREATED'),
    (16, 2, 'Quận Ngũ Hành Sơn', 'Q.Ngũ Hành Sơn', 'DISTRICT', 'CREATED'),
    (16, 2, 'Quận Sơn Trà', 'Q.Sơn Trà', 'DISTRICT', 'CREATED'),
    (16, 2, 'Quận Thanh Khê', 'Q.Thanh Khê', 'DISTRICT', 'CREATED'),
    (16, 2, 'Huyện Hòa Vang', 'H.Hòa Vang', 'DISTRICT', 'CREATED'),
    (16, 2, 'Huyện Hoàng Sa', 'H.Hoàng Sa', 'DISTRICT', 'CREATED'),

    /* Đắk Lắk */
    (17, 2, 'Thành phố Buôn Ma Thuột', 'TP.Buôn Ma Thuột', 'DISTRICT', 'CREATED'),
    (17, 2, 'Thị xã Buôn Hồ', 'TX.Buôn Hồ', 'DISTRICT', 'CREATED'),
    (17, 2, 'Huyện Buôn Đôn', 'H.Buôn Đôn', 'DISTRICT', 'CREATED'),
    (17, 2, 'Huyện Cư Kuin', 'H.Cư Kuin', 'DISTRICT', 'CREATED'),
    (17, 2, 'Huyện Cư M''gar', 'H.Cư M''gar', 'DISTRICT', 'CREATED'),
    (17, 2, 'Huyện Ea H''leo', 'H.Ea H''leo', 'DISTRICT', 'CREATED'),
    (17, 2, 'Huyện Ea Kar', 'H.Ea Kar', 'DISTRICT', 'CREATED'),
    (17, 2, 'Huyện Ea Súp', 'H.Ea Súp', 'DISTRICT', 'CREATED'),
    (17, 2, 'Huyện Krông Ana', 'H.Krông Ana', 'DISTRICT', 'CREATED'),
    (17, 2, 'Huyện Krông Bông', 'H.Krông Bông', 'DISTRICT', 'CREATED'),
    (17, 2, 'Huyện Krông Búk', 'H.Krông Búk', 'DISTRICT', 'CREATED'),
    (17, 2, 'Huyện Krông Năng', 'H.Krông Năng', 'DISTRICT', 'CREATED'),
    (17, 2, 'Huyện Krông Pắc', 'H.Krông Pắc', 'DISTRICT', 'CREATED'),
    (17, 2, 'Huyện Lắk', 'H.Lắk', 'DISTRICT', 'CREATED'),
    (17, 2, 'Huyện M''Drắk', 'H.M''Drắk', 'DISTRICT', 'CREATED'),

    /* Đắk Nông */
    (18, 2, 'Thành phố Gia Nghĩa', 'TP.Gia Nghĩa', 'DISTRICT', 'CREATED'),
    (18, 2, 'Huyện Cư Jút', 'H.Cư Jút', 'DISTRICT', 'CREATED'),
    (18, 2, 'Huyện Đắk Glong', 'H.Đắk Glong', 'DISTRICT', 'CREATED'),
    (18, 2, 'Huyện Đắk Mil', 'H.Đắk Mil', 'DISTRICT', 'CREATED'),
    (18, 2, 'Huyện Đắk R''lấp', 'H.Đắk R''lấp', 'DISTRICT', 'CREATED'),
    (18, 2, 'Huyện Đắk Song', 'H.Đắk Song', 'DISTRICT', 'CREATED'),
    (18, 2, 'Huyện Krông Nô', 'H.Krông Nô', 'DISTRICT', 'CREATED'),
    (18, 2, 'Huyện Tuy Đức', 'H.Tuy Đức', 'DISTRICT', 'CREATED'),

    /* Điện Biên */
    (19, 2, 'Thành phố Điện Biên Phủ', 'TP.Điện Biên Phủ', 'DISTRICT', 'CREATED'),
    (19, 2, 'Thị xã Mường Lay', 'TX.Mường Lay', 'DISTRICT', 'CREATED'),
    (19, 2, 'Huyện Điện Biên', 'H.Điện Biên', 'DISTRICT', 'CREATED'),
    (19, 2, 'Huyện Điện Biên Đông', 'H.Điện Biên Đông', 'DISTRICT', 'CREATED'),
    (19, 2, 'Huyện Mường Ảng', 'H.Mường Ảng', 'DISTRICT', 'CREATED'),
    (19, 2, 'Huyện Mường Chà', 'H.Mường Chà', 'DISTRICT', 'CREATED'),
    (19, 2, 'Huyện Mường Nhé', 'H.Mường Nhé', 'DISTRICT', 'CREATED'),
    (19, 2, 'Huyện Nậm Pồ', 'H.Nậm Pồ', 'DISTRICT', 'CREATED'),
    (19, 2, 'Huyện Tủa Chùa', 'H.Tủa Chùa', 'DISTRICT', 'CREATED'),
    (19, 2, 'Huyện Tuần Giáo', 'H.Tuần Giáo', 'DISTRICT', 'CREATED'),

    /* Đồng Nai */
    (20, 2, 'Thành phố Biên Hòa', 'TP.Biên Hòa', 'DISTRICT', 'CREATED'),
    (20, 2, 'Thành phố Long Khánh', 'TP.Long Khánh', 'DISTRICT', 'CREATED'),
    (20, 2, 'Huyện Cẩm Mỹ', 'H.Cẩm Mỹ', 'DISTRICT', 'CREATED'),
    (20, 2, 'Huyện Định Quán', 'H.Định Quán', 'DISTRICT', 'CREATED'),
    (20, 2, 'Huyện Long Thành', 'H.Long Thành', 'DISTRICT', 'CREATED'),
    (20, 2, 'Huyện Nhơn Trạch', 'H.Nhơn Trạch', 'DISTRICT', 'CREATED'),
    (20, 2, 'Huyện Tân Phú', 'H.Tân Phú', 'DISTRICT', 'CREATED'),
    (20, 2, 'Huyện Thống Nhất', 'H.Thống Nhất', 'DISTRICT', 'CREATED'),
    (20, 2, 'Huyện Trảng Bom', 'H.Trảng Bom', 'DISTRICT', 'CREATED'),
    (20, 2, 'Huyện Vĩnh Cửu', 'H.Vĩnh Cửu', 'DISTRICT', 'CREATED'),
    (20, 2, 'Huyện Xuân Lộc', 'H.Xuân Lộc', 'DISTRICT', 'CREATED'),

    /* Đồng Tháp */
    (21, 2, 'Thành phố  Cao Lãnh', 'TP.Cao Lãnh', 'DISTRICT', 'CREATED'),
    (21, 2, 'Thành phố  Hồng Ngự', 'TP.Hồng Ngự', 'DISTRICT', 'CREATED'),
    (21, 2, 'Thành phố  Sa Đéc', 'TP.Sa Đéc', 'DISTRICT', 'CREATED'),
    (21, 2, 'Huyện Cao Lãnh', 'H.Cao Lãnh', 'DISTRICT', 'CREATED'),
    (21, 2, 'Huyện Châu Thành', 'H.Châu Thành', 'DISTRICT', 'CREATED'),
    (21, 2, 'Huyện Hồng Ngự', 'H.Hồng Ngự', 'DISTRICT', 'CREATED'),
    (21, 2, 'Huyện Lai Vung', 'H.Lai Vung', 'DISTRICT', 'CREATED'),
    (21, 2, 'Huyện Lấp Vò', 'H.Lấp Vò', 'DISTRICT', 'CREATED'),
    (21, 2, 'Huyện Tam Nông', 'H.Tam Nông', 'DISTRICT', 'CREATED'),
    (21, 2, 'Huyện Tân Hồng', 'H.Tân Hồng', 'DISTRICT', 'CREATED'),
    (21, 2, 'Huyện Thanh Bình', 'H.Thanh Bình', 'DISTRICT', 'CREATED'),
    (21, 2, 'Huyện Tháp Mười', 'H.Tháp Mười', 'DISTRICT', 'CREATED'),

    /* Gia Lai */
    (22, 2, 'Thành phố Pleiku', 'TP.Pleiku', 'DISTRICT', 'CREATED'),
    (22, 2, 'Thị xã An Khê', 'TX.An Khê', 'DISTRICT', 'CREATED'),
    (22, 2, 'Thị xã Ayun Pa', 'TX.Ayun Pa', 'DISTRICT', 'CREATED'),
    (22, 2, 'Huyện Chư Păh', 'H.Chư Păh', 'DISTRICT', 'CREATED'),
    (22, 2, 'Huyện Chư Prông', 'H.Chư Prông', 'DISTRICT', 'CREATED'),
    (22, 2, 'Huyện Chư Pưh', 'H.Chư Pưh', 'DISTRICT', 'CREATED'),
    (22, 2, 'Huyện Chư Sê', 'H.Chư Sê', 'DISTRICT', 'CREATED'),
    (22, 2, 'Huyện Đak Đoa', 'H.Đak Đoa', 'DISTRICT', 'CREATED'),
    (22, 2, 'Huyện Đak Pơ', 'H.Đak Pơ', 'DISTRICT', 'CREATED'),
    (22, 2, 'Huyện Đức Cơ', 'H.Đức Cơ', 'DISTRICT', 'CREATED'),
    (22, 2, 'Huyện Ia Grai', 'H.Ia Grai', 'DISTRICT', 'CREATED'),
    (22, 2, 'Huyện Ia Pa', 'H.Ia Pa', 'DISTRICT', 'CREATED'),
    (22, 2, 'Huyện Kbang', 'H.Kbang', 'DISTRICT', 'CREATED'),
    (22, 2, 'Huyện Kông Chro', 'H.Kông Chro', 'DISTRICT', 'CREATED'),
    (22, 2, 'Huyện Krông Pa', 'H.Krông Pa', 'DISTRICT', 'CREATED'),
    (22, 2, 'Huyện Mang Yang', 'H.Mang Yang', 'DISTRICT', 'CREATED'),
    (22, 2, 'Huyện Phú Thiện', 'H.Phú Thiện', 'DISTRICT', 'CREATED'),

    /* Hà Giang */
    (23, 2, 'Thành phố Hà Giang', 'TP.Hà Giang', 'DISTRICT', 'CREATED'),
    (23, 2, 'Huyện Bắc Mê', 'H.Bắc Mê', 'DISTRICT', 'CREATED'),
    (23, 2, 'Huyện Bắc Quang', 'H.Bắc Quang', 'DISTRICT', 'CREATED'),
    (23, 2, 'Huyện Đồng Văn', 'H.Đồng Văn', 'DISTRICT', 'CREATED'),
    (23, 2, 'Huyện Hoàng Su Phì	', 'H.Hoàng Su Phì', 'DISTRICT', 'CREATED'),
    (23, 2, 'Huyện Mèo Vạc', 'H.Mèo Vạc', 'DISTRICT', 'CREATED'),
    (23, 2, 'Huyện Quản Bạ', 'H.Quản Bạ', 'DISTRICT', 'CREATED'),
    (23, 2, 'Huyện Quang Bình', 'H.Quang Bình', 'DISTRICT', 'CREATED'),
    (23, 2, 'Huyện Vị Xuyên', 'H.Vị Xuyên', 'DISTRICT', 'CREATED'),
    (23, 2, 'Huyện Xín Mần', 'H.Xín Mần', 'DISTRICT', 'CREATED'),
    (23, 2, 'Huyện Yên Minh', 'H.Yên Minh', 'DISTRICT', 'CREATED'),

    /* Hà Nam */
    (24, 2, 'Thành phố Phủ Lý', 'TP.Phủ Lý', 'DISTRICT', 'CREATED'),
    (24, 2, 'Thị xã Duy Tiên', 'TX.Duy Tiên', 'DISTRICT', 'CREATED'),
    (24, 2, 'Huyện Bình Lục', 'H.Bình Lục', 'DISTRICT', 'CREATED'),
    (24, 2, 'Huyện Kim Bảng', 'H.Kim Bảng', 'DISTRICT', 'CREATED'),
    (24, 2, 'Huyện Lý Nhân', 'H.Lý Nhân', 'DISTRICT', 'CREATED'),
    (24, 2, 'Huyện Thanh Liêm', 'H.Thanh Liêm', 'DISTRICT', 'CREATED'),

    /* Hà Nội */
    (25, 2, 'Quận Ba Đình', 'Q.Ba Đình', 'DISTRICT', 'CREATED'),
    (25, 2, 'Quận Bắc Từ Liêm', 'Q.Bắc Từ Liêm', 'DISTRICT', 'CREATED'),
    (25, 2, 'Quận Cầu Giấy', 'Q.Cầu Giấy', 'DISTRICT', 'CREATED'),
    (25, 2, 'Quận Đống Đa', 'Q.Đống Đa', 'DISTRICT', 'CREATED'),
    (25, 2, 'Quận Hà Đông', 'Q.Hà Đông', 'DISTRICT', 'CREATED'),
    (25, 2, 'Quận Hai Bà Trưng', 'Q.Hai Bà Trưng', 'DISTRICT', 'CREATED'),
    (25, 2, 'Quận Hoàn Kiếm', 'Q.Hoàn Kiếm', 'DISTRICT', 'CREATED'),
    (25, 2, 'Quận Hoàng Mai', 'Q.Hoàng Mai', 'DISTRICT', 'CREATED'),
    (25, 2, 'Quận Long Biên', 'Q.Long Biên', 'DISTRICT', 'CREATED'),
    (25, 2, 'Quận Nam Từ Liêm', 'Q.Nam Từ Liêm', 'DISTRICT', 'CREATED'),
    (25, 2, 'Quận Tây Hồ', 'Q.Tây Hồ', 'DISTRICT', 'CREATED'),
    (25, 2, 'Quận Thanh Xuân', 'Q.Thanh Xuân', 'DISTRICT', 'CREATED'),
    (25, 2, 'Thị xã Sơn Tây', 'TX.Sơn Tây', 'DISTRICT', 'CREATED'),
    (25, 2, 'Huyện Ba Vì', 'H.Ba Vì', 'DISTRICT', 'DELETED'),
    (25, 2, 'Huyện Chương Mỹ', 'H.Chương Mỹ', 'DISTRICT', 'DELETED'),
    (25, 2, 'Huyện Đan Phượng', 'H.Đan Phượng', 'DISTRICT', 'DELETED'),
    (25, 2, 'Huyện Đông Anh', 'H.Đông Anh', 'DISTRICT', 'DELETED'),
    (25, 2, 'Huyện Gia Lâm', 'H.Gia Lâm', 'DISTRICT', 'DELETED'),
    (25, 2, 'Huyện Hoài Đức', 'H.Hoài Đức', 'DISTRICT', 'DELETED'),
    (25, 2, 'Huyện Mê Linh', 'H.Mê Linh', 'DISTRICT', 'DELETED'),
    (25, 2, 'Huyện Mỹ Đức', 'H.Mỹ Đức', 'DISTRICT', 'DELETED'),
    (25, 2, 'Huyện Phú Xuyên', 'H.Phú Xuyên', 'DISTRICT', 'DELETED'),
    (25, 2, 'Huyện Phúc Thọ', 'H.Phúc Thọ', 'DISTRICT', 'DELETED'),
    (25, 2, 'Huyện Quốc Oai', 'H.Quốc Oai', 'DISTRICT', 'DELETED'),
    (25, 2, 'Huyện Sóc Sơn', 'H.Sóc Sơn', 'DISTRICT', 'DELETED'),
    (25, 2, 'Huyện Thạch Thất', 'H.Thạch Thất', 'DISTRICT', 'DELETED'),
    (25, 2, 'Huyện Thanh Oai', 'H.Thanh Oai', 'DISTRICT', 'DELETED'),
    (25, 2, 'Huyện Thanh Trì', 'H.Thanh Trì', 'DISTRICT', 'DELETED'),
    (25, 2, 'Huyện Thường Tín', 'H.Thường Tín', 'DISTRICT', 'DELETED'),
    (25, 2, 'Huyện Ứng Hòa', 'H.Ứng Hòa', 'DISTRICT', 'DELETED'),

    /* Hà Tĩnh */
    (26, 2, 'Huyện ', 'H.', 'DISTRICT', 'CREATED'),
    (26, 2, 'Huyện ', 'H.', 'DISTRICT', 'CREATED'),
    (26, 2, 'Huyện ', 'H.', 'DISTRICT', 'CREATED'),
    (26, 2, 'Huyện ', 'H.', 'DISTRICT', 'CREATED'),
    (26, 2, 'Huyện ', 'H.', 'DISTRICT', 'CREATED'),
    (26, 2, 'Huyện ', 'H.', 'DISTRICT', 'CREATED'),
    (26, 2, 'Huyện ', 'H.', 'DISTRICT', 'CREATED'),
    (26, 2, 'Huyện ', 'H.', 'DISTRICT', 'CREATED'),
    (26, 2, 'Huyện ', 'H.', 'DISTRICT', 'CREATED'),
    (26, 2, 'Huyện ', 'H.', 'DISTRICT', 'CREATED'),
    (26, 2, 'Huyện ', 'H.', 'DISTRICT', 'CREATED'),
    (26, 2, 'Huyện ', 'H.', 'DISTRICT', 'CREATED'),
    (26, 2, 'Huyện ', 'H.', 'DISTRICT', 'CREATED'),

    /* Hải Dương */
    (27, 2, 'Huyện ', 'H.', 'DISTRICT', 'CREATED'),
    (27, 2, 'Huyện ', 'H.', 'DISTRICT', 'CREATED'),
    (27, 2, 'Huyện ', 'H.', 'DISTRICT', 'CREATED'),
    (27, 2, 'Huyện ', 'H.', 'DISTRICT', 'CREATED'),
    (27, 2, 'Huyện ', 'H.', 'DISTRICT', 'CREATED'),
    (27, 2, 'Huyện ', 'H.', 'DISTRICT', 'CREATED'),
    (27, 2, 'Huyện ', 'H.', 'DISTRICT', 'CREATED'),
    (27, 2, 'Huyện ', 'H.', 'DISTRICT', 'CREATED'),
    (27, 2, 'Huyện ', 'H.', 'DISTRICT', 'CREATED'),
    (27, 2, 'Huyện ', 'H.', 'DISTRICT', 'CREATED'),
    (27, 2, 'Huyện ', 'H.', 'DISTRICT', 'CREATED'),
    (27, 2, 'Huyện ', 'H.', 'DISTRICT', 'CREATED'),

    /* Hải Phòng */
    (28, 2, 'Quận Đồ Sơn', 'Q.Đồ Sơn', 'DISTRICT', 'CREATED'),
    (28, 2, 'Quận Dương Kinh', 'Q.Dương Kinh', 'DISTRICT', 'CREATED'),
    (28, 2, 'Quận Hải An', 'Q.Hải An', 'DISTRICT', 'CREATED'),
    (28, 2, 'Quận Hồng Bàng', 'Q.Hồng Bàng', 'DISTRICT', 'CREATED'),
    (28, 2, 'Quận Kiến An', 'Q.Kiến An', 'DISTRICT', 'CREATED'),
    (28, 2, 'Quận Lê Chân', 'Q.Lê Chân', 'DISTRICT', 'CREATED'),
    (28, 2, 'Quận Ngô Quyền', 'Q.Ngô Quyền', 'DISTRICT', 'CREATED'),
    (28, 2, 'Huyện An Dương', 'H.An Dương', 'DISTRICT', 'CREATED'),
    (28, 2, 'Huyện An Lão', 'H.An Lão', 'DISTRICT', 'CREATED'),
    (28, 2, 'Huyện Bạch Long Vĩ', 'H.Bạch Long Vĩ', 'DISTRICT', 'CREATED'),
    (28, 2, 'Huyện Cát Hải', 'H.Cát Hải', 'DISTRICT', 'CREATED'),
    (28, 2, 'Huyện Kiến Thụy', 'H.Kiến Thụy', 'DISTRICT', 'CREATED'),
    (28, 2, 'Huyện Thủy Nguyên', 'H.Thủy Nguyên', 'DISTRICT', 'CREATED'),
    (28, 2, 'Huyện Tiên Lãng', 'H.Tiên Lãng', 'DISTRICT', 'CREATED'),
    (28, 2, 'Huyện Vĩnh Bảo', 'H.Vĩnh Bảo', 'DISTRICT', 'CREATED'),

    /* Hậu Giang */
    (29, 2, 'Huyện ', 'H.', 'DISTRICT', 'CREATED'),
    (29, 2, 'Huyện ', 'H.', 'DISTRICT', 'CREATED'),
    (29, 2, 'Huyện ', 'H.', 'DISTRICT', 'CREATED'),
    (29, 2, 'Huyện ', 'H.', 'DISTRICT', 'CREATED'),
    (29, 2, 'Huyện ', 'H.', 'DISTRICT', 'CREATED'),
    (29, 2, 'Huyện ', 'H.', 'DISTRICT', 'CREATED'),
    (29, 2, 'Huyện ', 'H.', 'DISTRICT', 'CREATED'),
    (29, 2, 'Huyện ', 'H.', 'DISTRICT', 'CREATED'),

    /* Hòa Bình */
    (30, 2, 'Huyện ', 'H.', 'DISTRICT', 'CREATED'),
    (30, 2, 'Huyện ', 'H.', 'DISTRICT', 'CREATED'),
    (30, 2, 'Huyện ', 'H.', 'DISTRICT', 'CREATED'),
    (30, 2, 'Huyện ', 'H.', 'DISTRICT', 'CREATED'),
    (30, 2, 'Huyện ', 'H.', 'DISTRICT', 'CREATED'),
    (30, 2, 'Huyện ', 'H.', 'DISTRICT', 'CREATED'),
    (30, 2, 'Huyện ', 'H.', 'DISTRICT', 'CREATED'),
    (30, 2, 'Huyện ', 'H.', 'DISTRICT', 'CREATED'),
    (30, 2, 'Huyện ', 'H.', 'DISTRICT', 'CREATED'),
    (30, 2, 'Huyện ', 'H.', 'DISTRICT', 'CREATED'),

    /* Hưng Yên */
    (31, 2, 'Huyện ', 'H.', 'DISTRICT', 'CREATED'),
    (31, 2, 'Huyện ', 'H.', 'DISTRICT', 'CREATED'),
    (31, 2, 'Huyện ', 'H.', 'DISTRICT', 'CREATED'),
    (31, 2, 'Huyện ', 'H.', 'DISTRICT', 'CREATED'),
    (31, 2, 'Huyện ', 'H.', 'DISTRICT', 'CREATED'),
    (31, 2, 'Huyện ', 'H.', 'DISTRICT', 'CREATED'),
    (31, 2, 'Huyện ', 'H.', 'DISTRICT', 'CREATED'),
    (31, 2, 'Huyện ', 'H.', 'DISTRICT', 'CREATED'),
    (31, 2, 'Huyện ', 'H.', 'DISTRICT', 'CREATED'),
    (31, 2, 'Huyện ', 'H.', 'DISTRICT', 'CREATED'),

    /* Khánh Hòa */
    (32, 2, 'Huyện ', 'H.', 'DISTRICT', 'CREATED'),
    (32, 2, 'Huyện ', 'H.', 'DISTRICT', 'CREATED'),
    (32, 2, 'Huyện ', 'H.', 'DISTRICT', 'CREATED'),
    (32, 2, 'Huyện ', 'H.', 'DISTRICT', 'CREATED'),
    (32, 2, 'Huyện ', 'H.', 'DISTRICT', 'CREATED'),
    (32, 2, 'Huyện ', 'H.', 'DISTRICT', 'CREATED'),
    (32, 2, 'Huyện ', 'H.', 'DISTRICT', 'CREATED'),
    (32, 2, 'Huyện ', 'H.', 'DISTRICT', 'CREATED'),
    (32, 2, 'Huyện ', 'H.', 'DISTRICT', 'CREATED'),


    /* Kiên Giang */
    (33, 2, 'Huyện ', 'H.', 'DISTRICT', 'CREATED'),
    (33, 2, 'Huyện ', 'H.', 'DISTRICT', 'CREATED'),
    (33, 2, 'Huyện ', 'H.', 'DISTRICT', 'CREATED'),
    (33, 2, 'Huyện ', 'H.', 'DISTRICT', 'CREATED'),
    (33, 2, 'Huyện ', 'H.', 'DISTRICT', 'CREATED'),
    (33, 2, 'Huyện ', 'H.', 'DISTRICT', 'CREATED'),
    (33, 2, 'Huyện ', 'H.', 'DISTRICT', 'CREATED'),
    (33, 2, 'Huyện ', 'H.', 'DISTRICT', 'CREATED'),
    (33, 2, 'Huyện ', 'H.', 'DISTRICT', 'CREATED'),
    (33, 2, 'Huyện ', 'H.', 'DISTRICT', 'CREATED'),
    (33, 2, 'Huyện ', 'H.', 'DISTRICT', 'CREATED'),
    (33, 2, 'Huyện ', 'H.', 'DISTRICT', 'CREATED'),
    (33, 2, 'Huyện ', 'H.', 'DISTRICT', 'CREATED'),
    (33, 2, 'Huyện ', 'H.', 'DISTRICT', 'CREATED'),
    (33, 2, 'Huyện ', 'H.', 'DISTRICT', 'CREATED'),

    /* Kon Tum */
    (34, 2, 'Huyện ', 'H.', 'DISTRICT', 'CREATED'),
    (34, 2, 'Huyện ', 'H.', 'DISTRICT', 'CREATED'),
    (34, 2, 'Huyện ', 'H.', 'DISTRICT', 'CREATED'),
    (34, 2, 'Huyện ', 'H.', 'DISTRICT', 'CREATED'),
    (34, 2, 'Huyện ', 'H.', 'DISTRICT', 'CREATED'),
    (34, 2, 'Huyện ', 'H.', 'DISTRICT', 'CREATED'),
    (34, 2, 'Huyện ', 'H.', 'DISTRICT', 'CREATED'),
    (34, 2, 'Huyện ', 'H.', 'DISTRICT', 'CREATED'),
    (34, 2, 'Huyện ', 'H.', 'DISTRICT', 'CREATED'),
    (34, 2, 'Huyện ', 'H.', 'DISTRICT', 'CREATED'),

    /* Lai Châu */
    (35, 2, 'Huyện ', 'H.', 'DISTRICT', 'CREATED'),
    (35, 2, 'Huyện ', 'H.', 'DISTRICT', 'CREATED'),
    (35, 2, 'Huyện ', 'H.', 'DISTRICT', 'CREATED'),
    (35, 2, 'Huyện ', 'H.', 'DISTRICT', 'CREATED'),
    (35, 2, 'Huyện ', 'H.', 'DISTRICT', 'CREATED'),
    (35, 2, 'Huyện ', 'H.', 'DISTRICT', 'CREATED'),
    (35, 2, 'Huyện ', 'H.', 'DISTRICT', 'CREATED'),
    (35, 2, 'Huyện ', 'H.', 'DISTRICT', 'CREATED'),

    /* Lâm Đồng */
    (36, 2, 'Huyện ', 'H.', 'DISTRICT', 'CREATED'),
    (36, 2, 'Huyện ', 'H.', 'DISTRICT', 'CREATED'),
    (36, 2, 'Huyện ', 'H.', 'DISTRICT', 'CREATED'),
    (36, 2, 'Huyện ', 'H.', 'DISTRICT', 'CREATED'),
    (36, 2, 'Huyện ', 'H.', 'DISTRICT', 'CREATED'),
    (36, 2, 'Huyện ', 'H.', 'DISTRICT', 'CREATED'),
    (36, 2, 'Huyện ', 'H.', 'DISTRICT', 'CREATED'),
    (36, 2, 'Huyện ', 'H.', 'DISTRICT', 'CREATED'),
    (36, 2, 'Huyện ', 'H.', 'DISTRICT', 'CREATED'),

    /* Lạng Sơn */
    (37, 2, 'Huyện ', 'H.', 'DISTRICT', 'CREATED'),
    (37, 2, 'Huyện ', 'H.', 'DISTRICT', 'CREATED'),
    (37, 2, 'Huyện ', 'H.', 'DISTRICT', 'CREATED'),
    (37, 2, 'Huyện ', 'H.', 'DISTRICT', 'CREATED'),
    (37, 2, 'Huyện ', 'H.', 'DISTRICT', 'CREATED'),
    (37, 2, 'Huyện ', 'H.', 'DISTRICT', 'CREATED'),
    (37, 2, 'Huyện ', 'H.', 'DISTRICT', 'CREATED'),
    (37, 2, 'Huyện ', 'H.', 'DISTRICT', 'CREATED'),
    (37, 2, 'Huyện ', 'H.', 'DISTRICT', 'CREATED'),
    (37, 2, 'Huyện ', 'H.', 'DISTRICT', 'CREATED'),
    (37, 2, 'Huyện ', 'H.', 'DISTRICT', 'CREATED'),

    /* Lào Cai */
    (38, 2, 'Huyện ', 'H.', 'DISTRICT', 'CREATED'),
    (38, 2, 'Huyện ', 'H.', 'DISTRICT', 'CREATED'),
    (38, 2, 'Huyện ', 'H.', 'DISTRICT', 'CREATED'),
    (38, 2, 'Huyện ', 'H.', 'DISTRICT', 'CREATED'),
    (38, 2, 'Huyện ', 'H.', 'DISTRICT', 'CREATED'),
    (38, 2, 'Huyện ', 'H.', 'DISTRICT', 'CREATED'),
    (38, 2, 'Huyện ', 'H.', 'DISTRICT', 'CREATED'),
    (38, 2, 'Huyện ', 'H.', 'DISTRICT', 'CREATED'),
    (38, 2, 'Huyện ', 'H.', 'DISTRICT', 'CREATED'),

    /* Long An */
    (39, 2, 'Huyện ', 'H.', 'DISTRICT', 'CREATED'),
    (39, 2, 'Huyện ', 'H.', 'DISTRICT', 'CREATED'),
    (39, 2, 'Huyện ', 'H.', 'DISTRICT', 'CREATED'),
    (39, 2, 'Huyện ', 'H.', 'DISTRICT', 'CREATED'),
    (39, 2, 'Huyện ', 'H.', 'DISTRICT', 'CREATED'),
    (39, 2, 'Huyện ', 'H.', 'DISTRICT', 'CREATED'),
    (39, 2, 'Huyện ', 'H.', 'DISTRICT', 'CREATED'),
    (39, 2, 'Huyện ', 'H.', 'DISTRICT', 'CREATED'),
    (39, 2, 'Huyện ', 'H.', 'DISTRICT', 'CREATED'),
    (39, 2, 'Huyện ', 'H.', 'DISTRICT', 'CREATED'),
    (39, 2, 'Huyện ', 'H.', 'DISTRICT', 'CREATED'),
    (39, 2, 'Huyện ', 'H.', 'DISTRICT', 'CREATED'),
    (39, 2, 'Huyện ', 'H.', 'DISTRICT', 'CREATED'),
    (39, 2, 'Huyện ', 'H.', 'DISTRICT', 'CREATED'),
    (39, 2, 'Huyện ', 'H.', 'DISTRICT', 'CREATED'),

    /* Nam Định */
    (40, 2, 'Huyện ', 'H.', 'DISTRICT', 'CREATED'),
    (40, 2, 'Huyện ', 'H.', 'DISTRICT', 'CREATED'),
    (40, 2, 'Huyện ', 'H.', 'DISTRICT', 'CREATED'),
    (40, 2, 'Huyện ', 'H.', 'DISTRICT', 'CREATED'),
    (40, 2, 'Huyện ', 'H.', 'DISTRICT', 'CREATED'),
    (40, 2, 'Huyện ', 'H.', 'DISTRICT', 'CREATED'),
    (40, 2, 'Huyện ', 'H.', 'DISTRICT', 'CREATED'),
    (40, 2, 'Huyện ', 'H.', 'DISTRICT', 'CREATED'),
    (40, 2, 'Huyện ', 'H.', 'DISTRICT', 'CREATED'),
    (40, 2, 'Huyện ', 'H.', 'DISTRICT', 'CREATED'),

    /* Nghệ An */
    (41, 2, 'Huyện ', 'H.', 'DISTRICT', 'CREATED'),
    (41, 2, 'Huyện ', 'H.', 'DISTRICT', 'CREATED'),
    (41, 2, 'Huyện ', 'H.', 'DISTRICT', 'CREATED'),
    (41, 2, 'Huyện ', 'H.', 'DISTRICT', 'CREATED'),
    (41, 2, 'Huyện ', 'H.', 'DISTRICT', 'CREATED'),
    (41, 2, 'Huyện ', 'H.', 'DISTRICT', 'CREATED'),
    (41, 2, 'Huyện ', 'H.', 'DISTRICT', 'CREATED'),
    (41, 2, 'Huyện ', 'H.', 'DISTRICT', 'CREATED'),
    (41, 2, 'Huyện ', 'H.', 'DISTRICT', 'CREATED'),
    (41, 2, 'Huyện ', 'H.', 'DISTRICT', 'CREATED'),
    (41, 2, 'Huyện ', 'H.', 'DISTRICT', 'CREATED'),
    (41, 2, 'Huyện ', 'H.', 'DISTRICT', 'CREATED'),
    (41, 2, 'Huyện ', 'H.', 'DISTRICT', 'CREATED'),
    (41, 2, 'Huyện ', 'H.', 'DISTRICT', 'CREATED'),
    (41, 2, 'Huyện ', 'H.', 'DISTRICT', 'CREATED'),
    (41, 2, 'Huyện ', 'H.', 'DISTRICT', 'CREATED'),
    (41, 2, 'Huyện ', 'H.', 'DISTRICT', 'CREATED'),
    (41, 2, 'Huyện ', 'H.', 'DISTRICT', 'CREATED'),
    (41, 2, 'Huyện ', 'H.', 'DISTRICT', 'CREATED'),
    (41, 2, 'Huyện ', 'H.', 'DISTRICT', 'CREATED'),
    (41, 2, 'Huyện ', 'H.', 'DISTRICT', 'CREATED'),

    /* Ninh Bình */
    (42, 2, 'Huyện ', 'H.', 'DISTRICT', 'CREATED'),
    (42, 2, 'Huyện ', 'H.', 'DISTRICT', 'CREATED'),
    (42, 2, 'Huyện ', 'H.', 'DISTRICT', 'CREATED'),
    (42, 2, 'Huyện ', 'H.', 'DISTRICT', 'CREATED'),
    (42, 2, 'Huyện ', 'H.', 'DISTRICT', 'CREATED'),
    (42, 2, 'Huyện ', 'H.', 'DISTRICT', 'CREATED'),
    (42, 2, 'Huyện ', 'H.', 'DISTRICT', 'CREATED'),
    (42, 2, 'Huyện ', 'H.', 'DISTRICT', 'CREATED'),

    /* Ninh Thuận */
    (43, 2, 'Huyện ', 'H.', 'DISTRICT', 'CREATED'),
    (43, 2, 'Huyện ', 'H.', 'DISTRICT', 'CREATED'),
    (43, 2, 'Huyện ', 'H.', 'DISTRICT', 'CREATED'),
    (43, 2, 'Huyện ', 'H.', 'DISTRICT', 'CREATED'),
    (43, 2, 'Huyện ', 'H.', 'DISTRICT', 'CREATED'),
    (43, 2, 'Huyện ', 'H.', 'DISTRICT', 'CREATED'),
    (43, 2, 'Huyện ', 'H.', 'DISTRICT', 'CREATED'),

    /* Phú Thọ */
    (44, 2, 'Huyện ', 'H.', 'DISTRICT', 'CREATED'),
    (44, 2, 'Huyện ', 'H.', 'DISTRICT', 'CREATED'),
    (44, 2, 'Huyện ', 'H.', 'DISTRICT', 'CREATED'),
    (44, 2, 'Huyện ', 'H.', 'DISTRICT', 'CREATED'),
    (44, 2, 'Huyện ', 'H.', 'DISTRICT', 'CREATED'),
    (44, 2, 'Huyện ', 'H.', 'DISTRICT', 'CREATED'),
    (44, 2, 'Huyện ', 'H.', 'DISTRICT', 'CREATED'),
    (44, 2, 'Huyện ', 'H.', 'DISTRICT', 'CREATED'),
    (44, 2, 'Huyện ', 'H.', 'DISTRICT', 'CREATED'),
    (44, 2, 'Huyện ', 'H.', 'DISTRICT', 'CREATED'),
    (44, 2, 'Huyện ', 'H.', 'DISTRICT', 'CREATED'),
    (44, 2, 'Huyện ', 'H.', 'DISTRICT', 'CREATED'),
    (44, 2, 'Huyện ', 'H.', 'DISTRICT', 'CREATED'),

    /* Phú Yên */
    (45, 2, 'Huyện ', 'H.', 'DISTRICT', 'CREATED'),
    (45, 2, 'Huyện ', 'H.', 'DISTRICT', 'CREATED'),
    (45, 2, 'Huyện ', 'H.', 'DISTRICT', 'CREATED'),
    (45, 2, 'Huyện ', 'H.', 'DISTRICT', 'CREATED'),
    (45, 2, 'Huyện ', 'H.', 'DISTRICT', 'CREATED'),
    (45, 2, 'Huyện ', 'H.', 'DISTRICT', 'CREATED'),
    (45, 2, 'Huyện ', 'H.', 'DISTRICT', 'CREATED'),
    (45, 2, 'Huyện ', 'H.', 'DISTRICT', 'CREATED'),
    (45, 2, 'Huyện ', 'H.', 'DISTRICT', 'CREATED'),

    /* Quảng Bình */
    (46, 2, 'Huyện ', 'H.', 'DISTRICT', 'CREATED'),
    (46, 2, 'Huyện ', 'H.', 'DISTRICT', 'CREATED'),
    (46, 2, 'Huyện ', 'H.', 'DISTRICT', 'CREATED'),
    (46, 2, 'Huyện ', 'H.', 'DISTRICT', 'CREATED'),
    (46, 2, 'Huyện ', 'H.', 'DISTRICT', 'CREATED'),
    (46, 2, 'Huyện ', 'H.', 'DISTRICT', 'CREATED'),
    (46, 2, 'Huyện ', 'H.', 'DISTRICT', 'CREATED'),
    (46, 2, 'Huyện ', 'H.', 'DISTRICT', 'CREATED'),

    /* Quảng Nam */
    (47, 2, 'Huyện ', 'H.', 'DISTRICT', 'CREATED'),
    (47, 2, 'Huyện ', 'H.', 'DISTRICT', 'CREATED'),
    (47, 2, 'Huyện ', 'H.', 'DISTRICT', 'CREATED'),
    (47, 2, 'Huyện ', 'H.', 'DISTRICT', 'CREATED'),
    (47, 2, 'Huyện ', 'H.', 'DISTRICT', 'CREATED'),
    (47, 2, 'Huyện ', 'H.', 'DISTRICT', 'CREATED'),
    (47, 2, 'Huyện ', 'H.', 'DISTRICT', 'CREATED'),
    (47, 2, 'Huyện ', 'H.', 'DISTRICT', 'CREATED'),
    (47, 2, 'Huyện ', 'H.', 'DISTRICT', 'CREATED'),
    (47, 2, 'Huyện ', 'H.', 'DISTRICT', 'CREATED'),
    (47, 2, 'Huyện ', 'H.', 'DISTRICT', 'CREATED'),
    (47, 2, 'Huyện ', 'H.', 'DISTRICT', 'CREATED'),
    (47, 2, 'Huyện ', 'H.', 'DISTRICT', 'CREATED'),
    (47, 2, 'Huyện ', 'H.', 'DISTRICT', 'CREATED'),
    (47, 2, 'Huyện ', 'H.', 'DISTRICT', 'CREATED'),
    (47, 2, 'Huyện ', 'H.', 'DISTRICT', 'CREATED'),
    (47, 2, 'Huyện ', 'H.', 'DISTRICT', 'CREATED'),
    (47, 2, 'Huyện ', 'H.', 'DISTRICT', 'CREATED'),

    /* Quảng Ngãi */
    (48, 2, 'Huyện ', 'H.', 'DISTRICT', 'CREATED'),
    (48, 2, 'Huyện ', 'H.', 'DISTRICT', 'CREATED'),
    (48, 2, 'Huyện ', 'H.', 'DISTRICT', 'CREATED'),
    (48, 2, 'Huyện ', 'H.', 'DISTRICT', 'CREATED'),
    (48, 2, 'Huyện ', 'H.', 'DISTRICT', 'CREATED'),
    (48, 2, 'Huyện ', 'H.', 'DISTRICT', 'CREATED'),
    (48, 2, 'Huyện ', 'H.', 'DISTRICT', 'CREATED'),
    (48, 2, 'Huyện ', 'H.', 'DISTRICT', 'CREATED'),
    (48, 2, 'Huyện ', 'H.', 'DISTRICT', 'CREATED'),
    (48, 2, 'Huyện ', 'H.', 'DISTRICT', 'CREATED'),
    (48, 2, 'Huyện ', 'H.', 'DISTRICT', 'CREATED'),
    (48, 2, 'Huyện ', 'H.', 'DISTRICT', 'CREATED'),
    (48, 2, 'Huyện ', 'H.', 'DISTRICT', 'CREATED'),

    /* Quảng Ninh */
    (49, 2, 'Huyện ', 'H.', 'DISTRICT', 'CREATED'),
    (49, 2, 'Huyện ', 'H.', 'DISTRICT', 'CREATED'),
    (49, 2, 'Huyện ', 'H.', 'DISTRICT', 'CREATED'),
    (49, 2, 'Huyện ', 'H.', 'DISTRICT', 'CREATED'),
    (49, 2, 'Huyện ', 'H.', 'DISTRICT', 'CREATED'),
    (49, 2, 'Huyện ', 'H.', 'DISTRICT', 'CREATED'),
    (49, 2, 'Huyện ', 'H.', 'DISTRICT', 'CREATED'),
    (49, 2, 'Huyện ', 'H.', 'DISTRICT', 'CREATED'),
    (49, 2, 'Huyện ', 'H.', 'DISTRICT', 'CREATED'),
    (49, 2, 'Huyện ', 'H.', 'DISTRICT', 'CREATED'),
    (49, 2, 'Huyện ', 'H.', 'DISTRICT', 'CREATED'),
    (49, 2, 'Huyện ', 'H.', 'DISTRICT', 'CREATED'),
    (49, 2, 'Huyện ', 'H.', 'DISTRICT', 'CREATED'),

    /* Quảng Trị */
    (50, 2, 'Huyện ', 'H.', 'DISTRICT', 'CREATED'),
    (50, 2, 'Huyện ', 'H.', 'DISTRICT', 'CREATED'),
    (50, 2, 'Huyện ', 'H.', 'DISTRICT', 'CREATED'),
    (50, 2, 'Huyện ', 'H.', 'DISTRICT', 'CREATED'),
    (50, 2, 'Huyện ', 'H.', 'DISTRICT', 'CREATED'),
    (50, 2, 'Huyện ', 'H.', 'DISTRICT', 'CREATED'),
    (50, 2, 'Huyện ', 'H.', 'DISTRICT', 'CREATED'),
    (50, 2, 'Huyện ', 'H.', 'DISTRICT', 'CREATED'),
    (50, 2, 'Huyện ', 'H.', 'DISTRICT', 'CREATED'),
    (50, 2, 'Huyện ', 'H.', 'DISTRICT', 'CREATED'),

    /* Sóc Trăng */
    (51, 2, 'Huyện ', 'H.', 'DISTRICT', 'CREATED'),
    (51, 2, 'Huyện ', 'H.', 'DISTRICT', 'CREATED'),
    (51, 2, 'Huyện ', 'H.', 'DISTRICT', 'CREATED'),
    (51, 2, 'Huyện ', 'H.', 'DISTRICT', 'CREATED'),
    (51, 2, 'Huyện ', 'H.', 'DISTRICT', 'CREATED'),
    (51, 2, 'Huyện ', 'H.', 'DISTRICT', 'CREATED'),
    (51, 2, 'Huyện ', 'H.', 'DISTRICT', 'CREATED'),
    (51, 2, 'Huyện ', 'H.', 'DISTRICT', 'CREATED'),
    (51, 2, 'Huyện ', 'H.', 'DISTRICT', 'CREATED'),
    (51, 2, 'Huyện ', 'H.', 'DISTRICT', 'CREATED'),
    (51, 2, 'Huyện ', 'H.', 'DISTRICT', 'CREATED'),

    /* Sơn La */
    (52, 2, 'Huyện ', 'H.', 'DISTRICT', 'CREATED'),
    (52, 2, 'Huyện ', 'H.', 'DISTRICT', 'CREATED'),
    (52, 2, 'Huyện ', 'H.', 'DISTRICT', 'CREATED'),
    (52, 2, 'Huyện ', 'H.', 'DISTRICT', 'CREATED'),
    (52, 2, 'Huyện ', 'H.', 'DISTRICT', 'CREATED'),
    (52, 2, 'Huyện ', 'H.', 'DISTRICT', 'CREATED'),
    (52, 2, 'Huyện ', 'H.', 'DISTRICT', 'CREATED'),
    (52, 2, 'Huyện ', 'H.', 'DISTRICT', 'CREATED'),
    (52, 2, 'Huyện ', 'H.', 'DISTRICT', 'CREATED'),
    (52, 2, 'Huyện ', 'H.', 'DISTRICT', 'CREATED'),
    (52, 2, 'Huyện ', 'H.', 'DISTRICT', 'CREATED'),
    (52, 2, 'Huyện ', 'H.', 'DISTRICT', 'CREATED'),

    /* Tây Ninh */
    (53, 2, 'Huyện ', 'H.', 'DISTRICT', 'CREATED'),
    (53, 2, 'Huyện ', 'H.', 'DISTRICT', 'CREATED'),
    (53, 2, 'Huyện ', 'H.', 'DISTRICT', 'CREATED'),
    (53, 2, 'Huyện ', 'H.', 'DISTRICT', 'CREATED'),
    (53, 2, 'Huyện ', 'H.', 'DISTRICT', 'CREATED'),
    (53, 2, 'Huyện ', 'H.', 'DISTRICT', 'CREATED'),
    (53, 2, 'Huyện ', 'H.', 'DISTRICT', 'CREATED'),
    (53, 2, 'Huyện ', 'H.', 'DISTRICT', 'CREATED'),
    (53, 2, 'Huyện ', 'H.', 'DISTRICT', 'CREATED'),

    /* Thái Bình */
    (54, 2, 'Huyện ', 'H.', 'DISTRICT', 'CREATED'),
    (54, 2, 'Huyện ', 'H.', 'DISTRICT', 'CREATED'),
    (54, 2, 'Huyện ', 'H.', 'DISTRICT', 'CREATED'),
    (54, 2, 'Huyện ', 'H.', 'DISTRICT', 'CREATED'),
    (54, 2, 'Huyện ', 'H.', 'DISTRICT', 'CREATED'),
    (54, 2, 'Huyện ', 'H.', 'DISTRICT', 'CREATED'),
    (54, 2, 'Huyện ', 'H.', 'DISTRICT', 'CREATED'),
    (54, 2, 'Huyện ', 'H.', 'DISTRICT', 'CREATED'),

    /* Thái Nguyên */
    (55, 2, 'Huyện ', 'H.', 'DISTRICT', 'CREATED'),
    (55, 2, 'Huyện ', 'H.', 'DISTRICT', 'CREATED'),
    (55, 2, 'Huyện ', 'H.', 'DISTRICT', 'CREATED'),
    (55, 2, 'Huyện ', 'H.', 'DISTRICT', 'CREATED'),
    (55, 2, 'Huyện ', 'H.', 'DISTRICT', 'CREATED'),
    (55, 2, 'Huyện ', 'H.', 'DISTRICT', 'CREATED'),
    (55, 2, 'Huyện ', 'H.', 'DISTRICT', 'CREATED'),
    (55, 2, 'Huyện ', 'H.', 'DISTRICT', 'CREATED'),
    (55, 2, 'Huyện ', 'H.', 'DISTRICT', 'CREATED'),

    /* Thanh Hóa */
    (56, 2, 'Huyện ', 'H.', 'DISTRICT', 'CREATED'),
    (56, 2, 'Huyện ', 'H.', 'DISTRICT', 'CREATED'),
    (56, 2, 'Huyện ', 'H.', 'DISTRICT', 'CREATED'),
    (56, 2, 'Huyện ', 'H.', 'DISTRICT', 'CREATED'),
    (56, 2, 'Huyện ', 'H.', 'DISTRICT', 'CREATED'),
    (56, 2, 'Huyện ', 'H.', 'DISTRICT', 'CREATED'),
    (56, 2, 'Huyện ', 'H.', 'DISTRICT', 'CREATED'),
    (56, 2, 'Huyện ', 'H.', 'DISTRICT', 'CREATED'),
    (56, 2, 'Huyện ', 'H.', 'DISTRICT', 'CREATED'),
    (56, 2, 'Huyện ', 'H.', 'DISTRICT', 'CREATED'),
    (56, 2, 'Huyện ', 'H.', 'DISTRICT', 'CREATED'),
    (56, 2, 'Huyện ', 'H.', 'DISTRICT', 'CREATED'),
    (56, 2, 'Huyện ', 'H.', 'DISTRICT', 'CREATED'),
    (56, 2, 'Huyện ', 'H.', 'DISTRICT', 'CREATED'),
    (56, 2, 'Huyện ', 'H.', 'DISTRICT', 'CREATED'),
    (56, 2, 'Huyện ', 'H.', 'DISTRICT', 'CREATED'),
    (56, 2, 'Huyện ', 'H.', 'DISTRICT', 'CREATED'),
    (56, 2, 'Huyện ', 'H.', 'DISTRICT', 'CREATED'),
    (56, 2, 'Huyện ', 'H.', 'DISTRICT', 'CREATED'),
    (56, 2, 'Huyện ', 'H.', 'DISTRICT', 'CREATED'),
    (56, 2, 'Huyện ', 'H.', 'DISTRICT', 'CREATED'),
    (56, 2, 'Huyện ', 'H.', 'DISTRICT', 'CREATED'),
    (56, 2, 'Huyện ', 'H.', 'DISTRICT', 'CREATED'),
    (56, 2, 'Huyện ', 'H.', 'DISTRICT', 'CREATED'),
    (56, 2, 'Huyện ', 'H.', 'DISTRICT', 'CREATED'),
    (56, 2, 'Huyện ', 'H.', 'DISTRICT', 'CREATED'),
    (56, 2, 'Huyện ', 'H.', 'DISTRICT', 'CREATED'),

    /* Thừa Thiên Huế */
    (57, 2, 'Huyện ', 'H.', 'DISTRICT', 'CREATED'),
    (57, 2, 'Huyện ', 'H.', 'DISTRICT', 'CREATED'),
    (57, 2, 'Huyện ', 'H.', 'DISTRICT', 'CREATED'),
    (57, 2, 'Huyện ', 'H.', 'DISTRICT', 'CREATED'),
    (57, 2, 'Huyện ', 'H.', 'DISTRICT', 'CREATED'),
    (57, 2, 'Huyện ', 'H.', 'DISTRICT', 'CREATED'),
    (57, 2, 'Huyện ', 'H.', 'DISTRICT', 'CREATED'),
    (57, 2, 'Huyện ', 'H.', 'DISTRICT', 'CREATED'),
    (57, 2, 'Huyện ', 'H.', 'DISTRICT', 'CREATED'),

    /* Tiền Giang */
    (58, 2, 'Huyện ', 'H.', 'DISTRICT', 'CREATED'),
    (58, 2, 'Huyện ', 'H.', 'DISTRICT', 'CREATED'),
    (58, 2, 'Huyện ', 'H.', 'DISTRICT', 'CREATED'),
    (58, 2, 'Huyện ', 'H.', 'DISTRICT', 'CREATED'),
    (58, 2, 'Huyện ', 'H.', 'DISTRICT', 'CREATED'),
    (58, 2, 'Huyện ', 'H.', 'DISTRICT', 'CREATED'),
    (58, 2, 'Huyện ', 'H.', 'DISTRICT', 'CREATED'),
    (58, 2, 'Huyện ', 'H.', 'DISTRICT', 'CREATED'),
    (58, 2, 'Huyện ', 'H.', 'DISTRICT', 'CREATED'),
    (58, 2, 'Huyện ', 'H.', 'DISTRICT', 'CREATED'),
    (58, 2, 'Huyện ', 'H.', 'DISTRICT', 'CREATED'),

    /* Thành phố Hồ Chí Minh */
    (59, 2, 'Quận 1', 'Q.1', 'DISTRICT', 'CREATED'),
    (59, 2, 'Quận 3', 'Q.3', 'DISTRICT', 'CREATED'),
    (59, 2, 'Quận 4', 'Q.4', 'DISTRICT', 'CREATED'),
    (59, 2, 'Quận 5', 'Q.5', 'DISTRICT', 'CREATED'),
    (59, 2, 'Quận 6', 'Q.6', 'DISTRICT', 'CREATED'),
    (59, 2, 'Quận 7', 'Q.7', 'DISTRICT', 'CREATED'),
    (59, 2, 'Quận 8', 'Q.8', 'DISTRICT', 'CREATED'),
    (59, 2, 'Quận 10', 'Q.10', 'DISTRICT', 'CREATED'),
    (59, 2, 'Quận 11', 'Q.11', 'DISTRICT', 'CREATED'),
    (59, 2, 'Quận 12', 'Q.12', 'DISTRICT', 'CREATED'),
    (59, 2, 'Quận Bình Tân', 'Q.Bình Tân', 'DISTRICT', 'CREATED'),
    (59, 2, 'Quận Bình Thạnh', 'Q.Bình Thạnh', 'DISTRICT', 'CREATED'),
    (59, 2, 'Quận Gò Vấp', 'Q.Gò Vấp', 'DISTRICT', 'CREATED'),
    (59, 2, 'Quận Phú Nhuận', 'Q.Phú Nhuận', 'DISTRICT', 'CREATED'),
    (59, 2, 'Quận Tân Bình', 'Q.Tân Bình', 'DISTRICT', 'CREATED'),
    (59, 2, 'Quận Tân Phú', 'Q.Tân Phú', 'DISTRICT', 'CREATED'),
    (59, 2, 'Thành phố Thủ Đức', 'TP.Thủ Đức', 'DISTRICT', 'CREATED'),
    (59, 2, 'Huyện Bình Chánh', 'H.Bình Chánh', 'DISTRICT', 'DELETED'),
    (59, 2, 'Huyện Cần Giờ', 'H.Cần Giờ', 'DISTRICT', 'DELETED'),
    (59, 2, 'Huyện Củ Chi', 'H.Củ Chi', 'DISTRICT', 'DELETED'),
    (59, 2, 'Huyện Hóc Môn', 'H.Hóc Môn', 'DISTRICT', 'DELETED'),
    (59, 2, 'Huyện Nhà Bè', 'H.Nhà Bè', 'DISTRICT', 'DELETED'),

    /* Trà Vinh */
    (60, 2, 'Huyện ', 'H.', 'DISTRICT', 'CREATED'),
    (60, 2, 'Huyện ', 'H.', 'DISTRICT', 'CREATED'),
    (60, 2, 'Huyện ', 'H.', 'DISTRICT', 'CREATED'),
    (60, 2, 'Huyện ', 'H.', 'DISTRICT', 'CREATED'),
    (60, 2, 'Huyện ', 'H.', 'DISTRICT', 'CREATED'),
    (60, 2, 'Huyện ', 'H.', 'DISTRICT', 'CREATED'),
    (60, 2, 'Huyện ', 'H.', 'DISTRICT', 'CREATED'),
    (60, 2, 'Huyện ', 'H.', 'DISTRICT', 'CREATED'),
    (60, 2, 'Huyện ', 'H.', 'DISTRICT', 'CREATED'),
    (60, 2, 'Huyện ', 'H.', 'DISTRICT', 'CREATED'),
    (60, 2, 'Huyện ', 'H.', 'DISTRICT', 'CREATED'),

    /* Tuyên Quang */
    (61, 2, 'Huyện ', 'H.', 'DISTRICT', 'CREATED'),
    (61, 2, 'Huyện ', 'H.', 'DISTRICT', 'CREATED'),
    (61, 2, 'Huyện ', 'H.', 'DISTRICT', 'CREATED'),
    (61, 2, 'Huyện ', 'H.', 'DISTRICT', 'CREATED'),
    (61, 2, 'Huyện ', 'H.', 'DISTRICT', 'CREATED'),
    (61, 2, 'Huyện ', 'H.', 'DISTRICT', 'CREATED'),
    (61, 2, 'Huyện ', 'H.', 'DISTRICT', 'CREATED'),

    /* Vĩnh Long */
    (62, 2, 'Huyện ', 'H.', 'DISTRICT', 'CREATED'),
    (62, 2, 'Huyện ', 'H.', 'DISTRICT', 'CREATED'),
    (62, 2, 'Huyện ', 'H.', 'DISTRICT', 'CREATED'),
    (62, 2, 'Huyện ', 'H.', 'DISTRICT', 'CREATED'),
    (62, 2, 'Huyện ', 'H.', 'DISTRICT', 'CREATED'),
    (62, 2, 'Huyện ', 'H.', 'DISTRICT', 'CREATED'),
    (62, 2, 'Huyện ', 'H.', 'DISTRICT', 'CREATED'),
    (62, 2, 'Huyện ', 'H.', 'DISTRICT', 'CREATED'),

    /* Vĩnh Phúc */
    (63, 2, 'Huyện ', 'H.', 'DISTRICT', 'CREATED'),
    (63, 2, 'Huyện ', 'H.', 'DISTRICT', 'CREATED'),
    (63, 2, 'Huyện ', 'H.', 'DISTRICT', 'CREATED'),
    (63, 2, 'Huyện ', 'H.', 'DISTRICT', 'CREATED'),
    (63, 2, 'Huyện ', 'H.', 'DISTRICT', 'CREATED'),
    (63, 2, 'Huyện ', 'H.', 'DISTRICT', 'CREATED'),
    (63, 2, 'Huyện ', 'H.', 'DISTRICT', 'CREATED'),
    (63, 2, 'Huyện ', 'H.', 'DISTRICT', 'CREATED'),
    (63, 2, 'Huyện ', 'H.', 'DISTRICT', 'CREATED'),

    /* Yên Bái */
    (64, 2, 'Huyện ', 'H.', 'DISTRICT', 'CREATED'),
    (64, 2, 'Huyện ', 'H.', 'DISTRICT', 'CREATED'),
    (64, 2, 'Huyện ', 'H.', 'DISTRICT', 'CREATED'),
    (64, 2, 'Huyện ', 'H.', 'DISTRICT', 'CREATED'),
    (64, 2, 'Huyện ', 'H.', 'DISTRICT', 'CREATED'),
    (64, 2, 'Huyện ', 'H.', 'DISTRICT', 'CREATED'),
    (64, 2, 'Huyện ', 'H.', 'DISTRICT', 'CREATED'),
    (64, 2, 'Huyện ', 'H.', 'DISTRICT', 'CREATED'),
    (64, 2, 'Huyện ', 'H.', 'DISTRICT', 'CREATED');

/* Level 3 */
insert into location_unit(parentId, level, unitName, unitAlias, unitType, status)
values
    /* Cần Thơ */
    /* Q.Bình Thủy */
    (176, 3, 'Phường An Thới', 'P.An Thới', 'WARD', 'CREATED'),
    (176, 3, 'Phường Bình Thủy', 'P.Bình Thủy', 'WARD', 'CREATED'),
    (176, 3, 'Phường Bùi Hữu Nghĩa', 'P.Bùi Hữu Nghĩa', 'WARD', 'CREATED'),
    (176, 3, 'Phường Long Hòa', 'P.Long Hòa', 'WARD', 'CREATED'),
    (176, 3, 'Phường Long Tuyền', 'P.Long Tuyền', 'WARD', 'CREATED'),
    (176, 3, 'Phường Thới An Đông', 'P.Thới An Đông', 'WARD', 'CREATED'),
    (176, 3, 'Phường Trà An', 'P.Trà An', 'WARD', 'CREATED'),
    (176, 3, 'Phường Trà Nóc', 'P.Trà Nóc', 'WARD', 'CREATED'),
    /* Q.Cái Răng */
    (177, 3, 'Phường Ba Láng', 'P.Ba Láng', 'WARD', 'CREATED'),
    (177, 3, 'Phường Hưng Phú', 'P.Hưng Phú', 'WARD', 'CREATED'),
    (177, 3, 'Phường Hưng Thạnh', 'P.Hưng Thạnh', 'WARD', 'CREATED'),
    (177, 3, 'Phường Lê Bình', 'P.Lê Bình', 'WARD', 'CREATED'),
    (177, 3, 'Phường Phú Thứ', 'P.Phú Thứ', 'WARD', 'CREATED'),
    (177, 3, 'Phường Phú Thứ', 'P.Phú Thứ', 'WARD', 'CREATED'),
    (177, 3, 'Phường Thường Thạnh', 'P.Thường Thạnh', 'WARD', 'CREATED'),
    /* Q.Ninh Kiều */
    (178, 3, 'Phường An Bình', 'P.An Bình', 'WARD', 'CREATED'),
    (178, 3, 'Phường An Cư', 'P.An Cư', 'WARD', 'CREATED'),
    (178, 3, 'Phường An Hoà', 'P.An Hoà', 'WARD', 'CREATED'),
    (178, 3, 'Phường An Khánh', 'P.An Khánh', 'WARD', 'CREATED'),
    (178, 3, 'Phường An Nghiệp', 'P.An Nghiệp', 'WARD', 'CREATED'),
    (178, 3, 'Phường An Phú', 'P.An Phú', 'WARD', 'CREATED'),
    (178, 3, 'Phường Cái Khế', 'P.Cái Khế', 'WARD', 'CREATED'),
    (178, 3, 'Phường Hưng Lợi', 'P.Hưng Lợi', 'WARD', 'CREATED'),
    (178, 3, 'Phường Tân An', 'P.Tân An', 'WARD', 'CREATED'),
    (178, 3, 'Phường Thới Bình', 'P.Thới Bình', 'WARD', 'CREATED'),
    (178, 3, 'Phường Xuân Khánh', 'P.Xuân Khánh', 'WARD', 'CREATED'),
    /* Q.Ô Môn */
    (179, 3, 'Phường Châu Văn Liêm', 'P.Châu Văn Liêm', 'WARD', 'CREATED'),
    (179, 3, 'Phường Long Hưng', 'P.Long Hưng', 'WARD', 'CREATED'),
    (179, 3, 'Phường Phước Thới', 'P.Phước Thới', 'WARD', 'CREATED'),
    (179, 3, 'Phường Thới An', 'P.Thới An', 'WARD', 'CREATED'),
    (179, 3, 'Phường Thới Hoà', 'P.Thới Hoà', 'WARD', 'CREATED'),
    (179, 3, 'Phường Thới Long', 'P.Thới Long', 'WARD', 'CREATED'),
    (179, 3, 'Phường Trường Lạc', 'P.Trường Lạc', 'WARD', 'CREATED'),
    /* Q.Thốt Nốt */
    (180, 3, 'Phường Tân Hưng', 'P.Tân Hưng', 'WARD', 'CREATED'),
    (180, 3, 'Phường Tân Lộc', 'P.Tân Lộc', 'WARD', 'CREATED'),
    (180, 3, 'Phường Thạnh Hòa', 'P.Thạnh Hòa', 'WARD', 'CREATED'),
    (180, 3, 'Phường Thốt Nốt', 'P.Thốt Nốt', 'WARD', 'CREATED'),
    (180, 3, 'Phường Thới Thuận', 'P.Thới Thuận', 'WARD', 'CREATED'),
    (180, 3, 'Phường Thuận An', 'P.Thuận An', 'WARD', 'CREATED'),
    (180, 3, 'Phường Thuận Hưng', 'P.Thuận Hưng', 'WARD', 'CREATED'),
    (180, 3, 'Phường Trung Kiên', 'P.Trung Kiên', 'WARD', 'CREATED'),
    (180, 3, 'Phường Trung Nhứt', 'P.Trung Nhứt', 'WARD', 'CREATED'),
    /* H.Cờ Đỏ */
    (181, 3, 'Thị trấn Cờ Đỏ ', 'TT.Cờ Đỏ', 'WARD', 'CREATED'),
    (181, 3, 'Xã Đông Hiệp', 'X.Đông Hiệp', 'WARD', 'CREATED'),
    (181, 3, 'Xã Đông Thắng', 'X.Đông Thắng', 'WARD', 'CREATED'),
    (181, 3, 'Xã Thạnh Phú', 'X.Thạnh Phú', 'WARD', 'CREATED'),
    (181, 3, 'Xã Thới Đông', 'X.Thới Đông', 'WARD', 'CREATED'),
    (181, 3, 'Xã Thới Hưng', 'X.Thới Hưng', 'WARD', 'CREATED'),
    (181, 3, 'Xã Thới Xuân', 'X.Thới Xuân', 'WARD', 'CREATED'),
    (181, 3, 'Xã Trung An', 'X.Trung An', 'WARD', 'CREATED'),
    (181, 3, 'Xã Trung Hưng', 'X.Trung Hưng', 'WARD', 'CREATED'),
    (181, 3, 'Xã Trung Thạnh', 'X.Trung Thạnh', 'WARD', 'CREATED'),
    /* H.Phong Điền */
    (182, 3, 'Thị trấn Phong Điền', 'TT.Phong Điền', 'WARD', 'CREATED'),
    (182, 3, 'Xã Giai Xuân', 'X.Giai Xuân', 'WARD', 'CREATED'),
    (182, 3, 'Xã Mỹ Khánh', 'X.Mỹ Khánh', 'WARD', 'CREATED'),
    (182, 3, 'Xã Nhơn Ái', 'X.Nhơn Ái', 'WARD', 'CREATED'),
    (182, 3, 'Xã Nhơn Nghĩa', 'X.Nhơn Nghĩa', 'WARD', 'CREATED'),
    (182, 3, 'Xã Tân Thới', 'X.Tân Thới', 'WARD', 'CREATED'),
    (182, 3, 'Xã Trường Long', 'X.Trường Long', 'WARD', 'CREATED'),
    /* H.Thới Lai */
    (183, 3, 'Thị trấn Thới Lai', 'TT.Thới Lai', 'WARD', 'CREATED'),
    (183, 3, 'Xã Định Môn', 'X.Định Môn', 'WARD', 'CREATED'),
    (183, 3, 'Xã Đông Bình', 'X.Đông Bình', 'WARD', 'CREATED'),
    (183, 3, 'Xã Đông Thuận', 'X.Đông Thuận', 'WARD', 'CREATED'),
    (183, 3, 'Xã Tân Thạnh', 'X.Tân Thạnh', 'WARD', 'CREATED'),
    (183, 3, 'Xã Thới Tân', 'X.Thới Tân', 'WARD', 'CREATED'),
    (183, 3, 'Xã Thới Thạnh', 'X.Thới Thạnh', 'WARD', 'CREATED'),
    (183, 3, 'Xã Trường Thắng', 'X.Trường Thắng', 'WARD', 'CREATED'),
    (183, 3, 'Xã Trường Thành', 'X.Trường Thành', 'WARD', 'CREATED'),
    (183, 3, 'Xã Trường Xuân', 'X.Trường Xuân', 'WARD', 'CREATED'),
    (183, 3, 'Xã Trường Xuân A', 'X.Trường Xuân A', 'WARD', 'CREATED'),
    (183, 3, 'Xã Trường Xuân B', 'X.Trường Xuân B', 'WARD', 'CREATED'),
    (183, 3, 'Xã Xuân Thắng', 'X.Xuân Thắng', 'WARD', 'CREATED'),
    /* H.Vĩnh Thạnh */
    (184, 3, 'Thị trấn Vĩnh Thạnh', 'TT.Vĩnh Thạnh', 'WARD', 'CREATED'),
    (184, 3, 'Thị trấn Thạnh An', 'TT.Thạnh An', 'WARD', 'CREATED'),
    (184, 3, 'Xã Thạnh An', 'X.Thạnh An', 'WARD', 'CREATED'),
    (184, 3, 'Xã Thạnh Lộc', 'X.Thạnh Lộc', 'WARD', 'CREATED'),
    (184, 3, 'Xã Thạnh Lợi', 'X.Thạnh Lợi', 'WARD', 'CREATED'),
    (184, 3, 'Xã Thạnh Mỹ', 'X.Thạnh Mỹ', 'WARD', 'CREATED'),
    (184, 3, 'Xã Thạnh Qưới', 'X.Thạnh Qưới', 'WARD', 'CREATED'),
    (184, 3, 'Xã Thạnh Thắng', 'X.Thạnh Thắng', 'WARD', 'CREATED'),
    (184, 3, 'Xã Thạnh Tiến', 'X.Thạnh Tiến', 'WARD', 'CREATED'),
    (184, 3, 'Xã Vĩnh Bình', 'X.Vĩnh Bình', 'WARD', 'CREATED'),
    (184, 3, 'Xã Vĩnh Bình', 'X.Vĩnh Bình', 'WARD', 'CREATED'),

    /* Đà Nẵng */
    /* Q.Cẩm Lệ */
    (195, 3, 'Phường Hòa An', 'P.Hòa An', 'WARD', 'CREATED'),
    (195, 3, 'Phường Hòa Phát', 'P.Hòa Phát', 'WARD', 'CREATED'),
    (195, 3, 'Phường Hòa Thọ Đông', 'P.Hòa Thọ Đông', 'WARD', 'CREATED'),
    (195, 3, 'Phường Hòa Thọ Tây', 'P.Hòa Thọ Tây', 'WARD', 'CREATED'),
    (195, 3, 'Phường Hòa Xuân', 'P.Hòa Xuân', 'WARD', 'CREATED'),
    (195, 3, 'Phường Khuê Trung', 'P.Khuê Trung', 'WARD', 'CREATED'),
    /* Q.Hải Châu */
    (196, 3, 'Phường Bình Hiên', 'P.Bình Hiên', 'WARD', 'CREATED'),
    (196, 3, 'Phường Bình Thuận', 'P.Bình Thuận', 'WARD', 'CREATED'),
    (196, 3, 'Phường Hải Châu I', 'P.Hải Châu I', 'WARD', 'CREATED'),
    (196, 3, 'Phường Hải Châu II', 'P.Hải Châu II', 'WARD', 'CREATED'),
    (196, 3, 'Phường Hòa Cường Bắc', 'P.Hòa Cường Bắc', 'WARD', 'CREATED'),
    (196, 3, 'Phường Hòa Cường Nam', 'P.Hòa Cường Nam', 'WARD', 'CREATED'),
    (196, 3, 'Phường Hòa Thuận Đông', 'P.Hòa Thuận Đông', 'WARD', 'CREATED'),
    (196, 3, 'Phường Hòa Thuận Tây', 'P.Hòa Thuận Tây', 'WARD', 'CREATED'),
    (196, 3, 'Phường Nam Dương', 'P.Nam Dương', 'WARD', 'CREATED'),
    (196, 3, 'Phường Phước Ninh', 'P.Phước Ninh', 'WARD', 'CREATED'),
    (196, 3, 'Phường Thạch Thang', 'P.Thạch Thang', 'WARD', 'CREATED'),
    (196, 3, 'Phường Thanh Bình', 'P.Thanh Bình', 'WARD', 'CREATED'),
    (196, 3, 'Phường Thuận Phước', 'P.Thuận Phước', 'WARD', 'CREATED'),
    /* Q.Liên Chiểu */
    (197, 3, 'Phường Hòa Hiệp Bắc', 'P.Hòa Hiệp Bắc', 'WARD', 'CREATED'),
    (197, 3, 'Phường Hòa Hiệp Nam', 'P.Hòa Hiệp Nam', 'WARD', 'CREATED'),
    (197, 3, 'Phường Hòa Khánh Bắc', 'P.Hòa Khánh Bắc', 'WARD', 'CREATED'),
    (197, 3, 'Phường Hòa Khánh Nam', 'P.Hòa Khánh Nam', 'WARD', 'CREATED'),
    (197, 3, 'Phường Hòa Minh', 'P.Hòa Minh', 'WARD', 'CREATED'),
    /* Q.Ngũ Hành Sơn */
    (198, 3, 'Phường Hòa Hải', 'P.Hòa Hải', 'WARD', 'CREATED'),
    (198, 3, 'Phường Hòa Quý', 'P.Hòa Quý', 'WARD', 'CREATED'),
    (198, 3, 'Phường Khuê Mỹ', 'P.Khuê Mỹ', 'WARD', 'CREATED'),
    (198, 3, 'Phường Mỹ An', 'P.Mỹ An', 'WARD', 'CREATED'),
    /* Q.Sơn Trà */
    (199, 3, 'Phường An Hải Bắc', 'P.An Hải Bắc', 'WARD', 'CREATED'),
    (199, 3, 'Phường An Hải Đông', 'P.An Hải Đông', 'WARD', 'CREATED'),
    (199, 3, 'Phường An Hải Tây', 'P.An Hải Tây', 'WARD', 'CREATED'),
    (199, 3, 'Phường Mân Thái', 'P.Mân Thái', 'WARD', 'CREATED'),
    (199, 3, 'Phường Nại Hiên Đông', 'P.Nại Hiên Đông', 'WARD', 'CREATED'),
    (199, 3, 'Phường Phước Mỹ', 'P.Phước Mỹ', 'WARD', 'CREATED'),
    (199, 3, 'Phường Thọ Quang', 'P.Thọ Quang', 'WARD', 'CREATED'),
    /* Q.Thanh Khê */
    (200, 3, 'Phường An Khê', 'P.An Khê', 'WARD', 'CREATED'),
    (200, 3, 'Phường Chính Gián', 'P.Chính Gián', 'WARD', 'CREATED'),
    (200, 3, 'Phường Hòa Khê', 'P.Hòa Khê', 'WARD', 'CREATED'),
    (200, 3, 'Phường Tam Thuận', 'P.Tam Thuận', 'WARD', 'CREATED'),
    (200, 3, 'Phường Tân Chính', 'P.Tân Chính', 'WARD', 'CREATED'),
    (200, 3, 'Phường Thạc Gián', 'P.Thạc Gián', 'WARD', 'CREATED'),
    (200, 3, 'Phường Thanh Khê Đông', 'P.Thanh Khê Đông', 'WARD', 'CREATED'),
    (200, 3, 'Phường Thanh Khê Tây', 'P.Thanh Khê Tây', 'WARD', 'CREATED'),
    (200, 3, 'Phường Vĩnh Trung', 'P.Vĩnh Trung', 'WARD', 'CREATED'),
    (200, 3, 'Phường Xuân Hà', 'P.Xuân Hà', 'WARD', 'CREATED'),
    /* H.Hòa Vang */
    (201, 3, 'Xã Hòa Bắc', 'X.Hòa Bắc', 'WARD', 'CREATED'),
    (201, 3, 'Xã Hòa Châu', 'X.Hòa Châu', 'WARD', 'CREATED'),
    (201, 3, 'Xã Hòa Khương', 'X.Hòa Khương', 'WARD', 'CREATED'),
    (201, 3, 'Xã Hòa Liên', 'X.Hòa Liên', 'WARD', 'CREATED'),
    (201, 3, 'Xã Hòa Nhơn', 'X.Hòa Nhơn', 'WARD', 'CREATED'),
    (201, 3, 'Xã Hòa Ninh', 'X.Hòa Ninh', 'WARD', 'CREATED'),
    (201, 3, 'Xã Hòa Phong', 'X.Hòa Phong', 'WARD', 'CREATED'),
    (201, 3, 'Xã Hòa Phú', 'X.Hòa Phú', 'WARD', 'CREATED'),
    (201, 3, 'Xã Hòa Phước', 'X.Hòa Phước', 'WARD', 'CREATED'),
    (201, 3, 'Xã Hòa Sơn', 'X.Hòa Sơn', 'WARD', 'CREATED'),
    (201, 3, 'Xã Hòa Tiến', 'X.Hòa Tiến', 'WARD', 'CREATED'),
    /* H.Hoàng Sa */
    (202, 3, 'Huyện Hoàng Sa', 'H.Hoàng Sa', 'WARD', 'CREATED'),

    /* Hà Nội */
    /* Q.Ba Đình */
    (293, 3, 'Phường Cống Vị', 'P.Cống Vị', 'WARD', 'CREATED'),
    (293, 3, 'Phường Điện Biên', 'P.Điện Biên', 'WARD', 'CREATED'),
    (293, 3, 'Phường Đội Cấn', 'P.Đội Cấn', 'WARD', 'CREATED'),
    (293, 3, 'Phường Giảng Võ', 'P.Giảng Võ', 'WARD', 'CREATED'),
    (293, 3, 'Phường Kim Mã', 'P.Kim Mã', 'WARD', 'CREATED'),
    (293, 3, 'Phường Liễu Giai', 'P.Liễu Giai', 'WARD', 'CREATED'),
    (293, 3, 'Phường Ngọc Hà', 'P.Ngọc Hà', 'WARD', 'CREATED'),
    (293, 3, 'Phường Ngọc Khánh', 'P.Ngọc Khánh', 'WARD', 'CREATED'),
    (293, 3, 'Phường Nguyễn Trung Trực', 'P.Nguyễn Trung Trực', 'WARD', 'CREATED'),
    (293, 3, 'Phường Phúc Xá', 'P.Phúc Xá', 'WARD', 'CREATED'),
    (293, 3, 'Phường Quán Thánh', 'P.Quán Thánh', 'WARD', 'CREATED'),
    (293, 3, 'Phường Thành Công', 'P.Thành Công', 'WARD', 'CREATED'),
    (293, 3, 'Phường Trúc Bạch', 'P.Trúc Bạch', 'WARD', 'CREATED'),
    (293, 3, 'Phường Vĩnh Phúc', 'P.Vĩnh Phúc', 'WARD', 'CREATED'),
    /* Q.Bắc Từ Liêm */
    (294, 3, 'Phường Cổ Nhuế 1', 'P.Cổ Nhuế 1', 'WARD', 'CREATED'),
    (294, 3, 'Phường Cổ Nhuế 2', 'P.Cổ Nhuế 2', 'WARD', 'CREATED'),
    (294, 3, 'Phường Đức Thắng', 'P.Đức Thắng', 'WARD', 'CREATED'),
    (294, 3, 'Phường Đông Ngạc', 'P.Đông Ngạc', 'WARD', 'CREATED'),
    (294, 3, 'Phường Thụy Phương', 'P.Thụy Phương', 'WARD', 'CREATED'),
    (294, 3, 'Phường Liên Mạc', 'P.Liên Mạc', 'WARD', 'CREATED'),
    (294, 3, 'Phường Thượng Cát', 'P.Thượng Cát', 'WARD', 'CREATED'),
    (294, 3, 'Phường Tây Tựu', 'P.Tây Tựu', 'WARD', 'CREATED'),
    (294, 3, 'Phường Minh Khai', 'P.Minh Khai', 'WARD', 'CREATED'),
    (294, 3, 'Phường Phú Diễn', 'P.Phú Diễn', 'WARD', 'CREATED'),
    (294, 3, 'Phường Phúc Diễn', 'P.Phúc Diễn', 'WARD', 'CREATED'),
    (294, 3, 'Phường Xuân Đỉnh', 'P.Xuân Đỉnh', 'WARD', 'CREATED'),
    (294, 3, 'Phường Xuân Tảo', 'P.Xuân Tảo', 'WARD', 'CREATED'),
    /* Q.Cầu Giấy */
    (295, 3, 'Phường Dịch Vọng', 'P.Dịch Vọng', 'WARD', 'CREATED'),
    (295, 3, 'Phường Dịch Vọng Hậu', 'P.Dịch Vọng Hậu', 'WARD', 'CREATED'),
    (295, 3, 'Phường Mai Dịch', 'P.Mai Dịch', 'WARD', 'CREATED'),
    (295, 3, 'Phường Nghĩa Đô', 'P.Nghĩa Đô', 'WARD', 'CREATED'),
    (295, 3, 'Phường Nghĩa Tân', 'P.Nghĩa Tân', 'WARD', 'CREATED'),
    (295, 3, 'Phường Quan Hoa', 'P.Quan Hoa', 'WARD', 'CREATED'),
    (295, 3, 'Phường Trung Hòa', 'P.Trung Hòa', 'WARD', 'CREATED'),
    (295, 3, 'Phường Yên Hòa', 'P.Yên Hòa', 'WARD', 'CREATED'),
    /* Q.Đống Đa */
    (296, 3, 'Phường Cát Linh', 'P.Cát Linh', 'WARD', 'CREATED'),
    (296, 3, 'Phường Hàng Bột', 'P.Hàng Bột', 'WARD', 'CREATED'),
    (296, 3, 'Phường Khâm Thiên', 'P.Khâm Thiên', 'WARD', 'CREATED'),
    (296, 3, 'Phường Khương Thượng', 'P.Khương Thượng', 'WARD', 'CREATED'),
    (296, 3, 'Phường Kim Liên', 'P.Kim Liên', 'WARD', 'CREATED'),
    (296, 3, 'Phường Láng Hạ', 'P.Láng Hạ', 'WARD', 'CREATED'),
    (296, 3, 'Phường Láng Thượng', 'P.Láng Thượng', 'WARD', 'CREATED'),
    (296, 3, 'Phường Nam Đồng', 'P.Nam Đồng', 'WARD', 'CREATED'),
    (296, 3, 'Phường Ngã Tư Sở', 'P.Ngã Tư Sở', 'WARD', 'CREATED'),
    (296, 3, 'Phường Ô Chợ Dừa', 'P.Ô Chợ Dừa', 'WARD', 'CREATED'),
    (296, 3, 'Phường Phương Liên', 'P.Phương Liên', 'WARD', 'CREATED'),
    (296, 3, 'Phường Phương Mai', 'P.Phương Mai', 'WARD', 'CREATED'),
    (296, 3, 'Phường Quang Trung', 'P.Quang Trung', 'WARD', 'CREATED'),
    (296, 3, 'Phường Quốc Tử Giám', 'P.Quốc Tử Giám', 'WARD', 'CREATED'),
    (296, 3, 'Phường Thịnh Quang', 'P.Thịnh Quang', 'WARD', 'CREATED'),
    (296, 3, 'Phường Thổ Quan', 'P.Thổ Quan', 'WARD', 'CREATED'),
    (296, 3, 'Phường Trung Liệt', 'P.Trung Liệt', 'WARD', 'CREATED'),
    (296, 3, 'Phường Trung Phụng', 'P.Trung Phụng', 'WARD', 'CREATED'),
    (296, 3, 'Phường Trung Tự', 'P.Trung Tự', 'WARD', 'CREATED'),
    (296, 3, 'Phường Văn Chương', 'P.Văn Chương', 'WARD', 'CREATED'),
    (296, 3, 'Phường Văn Miếu', 'P.Văn Miếu', 'WARD', 'CREATED'),
    /* Q.Hà Đông */
    (297, 3, 'Phường Biên Giang', 'P.Biên Giang', 'WARD', 'CREATED'),
    (297, 3, 'Phường Đồng Mai', 'P.Đồng Mai', 'WARD', 'CREATED'),
    (297, 3, 'Phường Yên Nghĩa', 'P.Yên Nghĩa', 'WARD', 'CREATED'),
    (297, 3, 'Phường Dương Nội', 'P.Dương Nội', 'WARD', 'CREATED'),
    (297, 3, 'Phường Hà Cầu', 'P.Hà Cầu', 'WARD', 'CREATED'),
    (297, 3, 'Phường La Khê', 'P.La Khê', 'WARD', 'CREATED'),
    (297, 3, 'Phường Mộ Lao', 'P.Mộ Lao', 'WARD', 'CREATED'),
    (297, 3, 'Phường Nguyễn Trãi', 'P.Nguyễn Trãi', 'WARD', 'CREATED'),
    (297, 3, 'Phường Phú La', 'P.Phú La', 'WARD', 'CREATED'),
    (297, 3, 'Phường Phú Lãm', 'P.Phú Lãm', 'WARD', 'CREATED'),
    (297, 3, 'Phường Phú Lương', 'P.Phú Lương', 'WARD', 'CREATED'),
    (297, 3, 'Phường Kiến Hưng', 'P.Kiến Hưng', 'WARD', 'CREATED'),
    (297, 3, 'Phường Phúc La', 'P.Phúc La', 'WARD', 'CREATED'),
    (297, 3, 'Phường Quang Trung', 'P.Quang Trung', 'WARD', 'CREATED'),
    (297, 3, 'Phường Vạn Phúc', 'P.Vạn Phúc', 'WARD', 'CREATED'),
    (297, 3, 'Phường Văn Quán', 'P.Văn Quán', 'WARD', 'CREATED'),
    (297, 3, 'Phường Yết Kiêu', 'P.Yết Kiêu', 'WARD', 'CREATED'),
    /* Q.Hai Bà Trưng */
    (298, 3, 'Phường Bách Khoa', 'P.Bách Khoa', 'WARD', 'CREATED'),
    (298, 3, 'Phường Bạch Đằng', 'P.Bạch Đằng', 'WARD', 'CREATED'),
    (298, 3, 'Phường Bạch Mai', 'P.Bạch Mai', 'WARD', 'CREATED'),
    (298, 3, 'Phường Cầu Dền', 'P.Cầu Dền', 'WARD', 'CREATED'),
    (298, 3, 'Phường Đống Mác', 'P.Đống Mác', 'WARD', 'CREATED'),
    (298, 3, 'Phường Đồng Nhân', 'P.Đồng Nhân', 'WARD', 'CREATED'),
    (298, 3, 'Phường Đồng Tâm', 'P.Đồng Tâm', 'WARD', 'CREATED'),
    (298, 3, 'Phường Lê Đại Hành', 'P.Lê Đại Hành', 'WARD', 'CREATED'),
    (298, 3, 'Phường Minh Khai', 'P.Minh Khai', 'WARD', 'CREATED'),
    (298, 3, 'Phường Nguyễn Du', 'P.Nguyễn Du', 'WARD', 'CREATED'),
    (298, 3, 'Phường Phạm Đình Hổ', 'P.Phạm Đình Hổ', 'WARD', 'CREATED'),
    (298, 3, 'Phường Phố Huế', 'P.Phố Huế', 'WARD', 'CREATED'),
    (298, 3, 'Phường Quỳnh Lôi', 'P.Quỳnh Lôi', 'WARD', 'CREATED'),
    (298, 3, 'Phường Quỳnh Mai', 'P.Quỳnh Mai', 'WARD', 'CREATED'),
    (298, 3, 'Phường Thanh Lương', 'P.Thanh Lương', 'WARD', 'CREATED'),
    (298, 3, 'Phường Thanh Nhàn', 'P.Thanh Nhàn', 'WARD', 'CREATED'),
    (298, 3, 'Phường Trương Định', 'P.Trương Định', 'WARD', 'CREATED'),
    (298, 3, 'Phường Vĩnh Tuy', 'P.Vĩnh Tuy', 'WARD', 'CREATED'),
    /* Q.Hoàn Kiếm */
    (299, 3, 'Phường Chương Dương', 'P.Chương Dương', 'WARD', 'CREATED'),
    (299, 3, 'Phường Cửa Đông', 'P.Cửa Đông', 'WARD', 'CREATED'),
    (299, 3, 'Phường Cửa Nam', 'P.Cửa Nam', 'WARD', 'CREATED'),
    (299, 3, 'Phường Đồng Xuân', 'P.Đồng Xuân', 'WARD', 'CREATED'),
    (299, 3, 'Phường Hàng Bạc', 'P.Hàng Bạc', 'WARD', 'CREATED'),
    (299, 3, 'Phường Hàng Bài', 'P.Hàng Bài', 'WARD', 'CREATED'),
    (299, 3, 'Phường Hàng Bồ', 'P.Hàng Bồ', 'WARD', 'CREATED'),
    (299, 3, 'Phường Hàng Bông', 'P.Hàng Bông', 'WARD', 'CREATED'),
    (299, 3, 'Phường Hàng Buồm', 'P.Hàng Buồm', 'WARD', 'CREATED'),
    (299, 3, 'Phường Hàng Đào', 'P.Hàng Đào', 'WARD', 'CREATED'),
    (299, 3, 'Phường Hàng Gai', 'P.Hàng Gai', 'WARD', 'CREATED'),
    (299, 3, 'Phường Hàng Mã', 'P.Hàng Mã', 'WARD', 'CREATED'),
    (299, 3, 'Phường Hàng Trống', 'P.Hàng Trống', 'WARD', 'CREATED'),
    (299, 3, 'Phường Lý Thái Tổ', 'P.Lý Thái Tổ', 'WARD', 'CREATED'),
    (299, 3, 'Phường Phan Chu Trinh', 'P.Phan Chu Trinh', 'WARD', 'CREATED'),
    (299, 3, 'Phường Phúc Tân', 'P.Phúc Tân', 'WARD', 'CREATED'),
    (299, 3, 'Phường Trần Hưng Đạo', 'P.Trần Hưng Đạo', 'WARD', 'CREATED'),
    (299, 3, 'Phường Tràng Tiền', 'P.Tràng Tiền', 'WARD', 'CREATED'),
    /* Q.Hoàng Mai */
    (300, 3, 'Phường Đại Kim', 'P.Đại Kim', 'WARD', 'CREATED'),
    (300, 3, 'Phường Định Công', 'P.Định Công', 'WARD', 'CREATED'),
    (300, 3, 'Phường Giáp Bát', 'P.Giáp Bát', 'WARD', 'CREATED'),
    (300, 3, 'Phường Hoàng Liệt', 'P.Hoàng Liệt', 'WARD', 'CREATED'),
    (300, 3, 'Phường Hoàng Văn Thụ', 'P.Hoàng Văn Thụ', 'WARD', 'CREATED'),
    (300, 3, 'Phường Lĩnh Nam', 'P.Lĩnh Nam', 'WARD', 'CREATED'),
    (300, 3, 'Phường Mai Động', 'P.Mai Động', 'WARD', 'CREATED'),
    (300, 3, 'Phường Tân Mai', 'P.Tân Mai', 'WARD', 'CREATED'),
    (300, 3, 'Phường Thanh Trì', 'P.Thanh Trì', 'WARD', 'CREATED'),
    (300, 3, 'Phường Thịnh Liệt', 'P.Thịnh Liệt', 'WARD', 'CREATED'),
    (300, 3, 'Phường Trần Phú', 'P.Trần Phú', 'WARD', 'CREATED'),
    (300, 3, 'Phường Tương Mai', 'P.Tương Mai', 'WARD', 'CREATED'),
    (300, 3, 'Phường Vĩnh Hưng', 'P.Vĩnh Hưng', 'WARD', 'CREATED'),
    (300, 3, 'Phường Yên Sở', 'P.Yên Sở', 'WARD', 'CREATED'),
    /* Q.Long Biên */
    (301, 3, 'Phường Bồ Đề', 'P.Bồ Đề', 'WARD', 'CREATED'),
    (301, 3, 'Phường Cự Khối', 'P.Cự Khối', 'WARD', 'CREATED'),
    (301, 3, 'Phường Đức Giang', 'P.Đức Giang', 'WARD', 'CREATED'),
    (301, 3, 'Phường Gia Thụy', 'P.Gia Thụy', 'WARD', 'CREATED'),
    (301, 3, 'Phường Giang Biên', 'P.Giang Biên', 'WARD', 'CREATED'),
    (301, 3, 'Phường Long Biên', 'P.Long Biên', 'WARD', 'CREATED'),
    (301, 3, 'Phường Ngọc Lâm', 'P.Ngọc Lâm', 'WARD', 'CREATED'),
    (301, 3, 'Phường Ngọc Thụy', 'P.Ngọc Thụy', 'WARD', 'CREATED'),
    (301, 3, 'Phường Phúc Đồng', 'P.Phúc Đồng', 'WARD', 'CREATED'),
    (301, 3, 'Phường Phúc Lợi', 'P.Phúc Lợi', 'WARD', 'CREATED'),
    (301, 3, 'Phường Sài Đồng', 'P.Sài Đồng', 'WARD', 'CREATED'),
    (301, 3, 'Phường Thạch Bàn', 'P.Thạch Bàn', 'WARD', 'CREATED'),
    (301, 3, 'Phường Thượng Thanh', 'P.Thượng Thanh', 'WARD', 'CREATED'),
    (301, 3, 'Phường Việt Hưng', 'P.Việt Hưng', 'WARD', 'CREATED'),
    /* Q.Nam Từ Liêm */
    (302, 3, 'Phường Cầu Diễn', 'P.Cầu Diễn', 'WARD', 'CREATED'),
    (302, 3, 'Phường Mỹ Đình 1', 'P.Mỹ Đình 1', 'WARD', 'CREATED'),
    (302, 3, 'Phường Mỹ Đình 2', 'P.Mỹ Đình 2', 'WARD', 'CREATED'),
    (302, 3, 'Phường Phú Đô', 'P.Phú Đô', 'WARD', 'CREATED'),
    (302, 3, 'Phường Mễ Trì', 'P.Mễ Trì', 'WARD', 'CREATED'),
    (302, 3, 'Phường Trung Văn', 'P.Trung Văn', 'WARD', 'CREATED'),
    (302, 3, 'Phường Đại Mỗ', 'P.Đại Mỗ', 'WARD', 'CREATED'),
    (302, 3, 'Phường Tây Mỗ', 'P.Tây Mỗ', 'WARD', 'CREATED'),
    (302, 3, 'Phường Phương Canh', 'P.Phương Canh', 'WARD', 'CREATED'),
    (302, 3, 'Phường Xuân Phương', 'P.Xuân Phương', 'WARD', 'CREATED'),
    /* Q.Tây Hồ */
    (303, 3, 'Phường Bưởi', 'P.Bưởi', 'WARD', 'CREATED'),
    (303, 3, 'Phường Nhật Tân', 'P.Nhật Tân', 'WARD', 'CREATED'),
    (303, 3, 'Phường Phú Thượng', 'P.Phú Thượng', 'WARD', 'CREATED'),
    (303, 3, 'Phường Quảng An', 'P.Quảng An', 'WARD', 'CREATED'),
    (303, 3, 'Phường Thụy Khuê', 'P.Thụy Khuê', 'WARD', 'CREATED'),
    (303, 3, 'Phường Tứ Liên', 'P.Tứ Liên', 'WARD', 'CREATED'),
    (303, 3, 'Phường Xuân La', 'P.Xuân La', 'WARD', 'CREATED'),
    (303, 3, 'Phường Yên Phụ', 'P.Yên Phụ', 'WARD', 'CREATED'),
    /* Q.Thanh Xuân */
    (304, 3, 'Phường Hạ Đình', 'P.Hạ Đình', 'WARD', 'CREATED'),
    (304, 3, 'Phường Khương Đình', 'P.Khương Đình', 'WARD', 'CREATED'),
    (304, 3, 'Phường Khương Mai', 'P.Khương Mai', 'WARD', 'CREATED'),
    (304, 3, 'Phường Khương Trung', 'P.Khương Trung', 'WARD', 'CREATED'),
    (304, 3, 'Phường Kim Giang', 'P.Kim Giang', 'WARD', 'CREATED'),
    (304, 3, 'Phường Nhân Chính', 'P.Nhân Chính', 'WARD', 'CREATED'),
    (304, 3, 'Phường Phương Liệt', 'P.Phương Liệt', 'WARD', 'CREATED'),
    (304, 3, 'Phường Thanh Xuân Bắc', 'P.Thanh Xuân Bắc', 'WARD', 'CREATED'),
    (304, 3, 'Phường Thanh Xuân Nam', 'P.Thanh Xuân Nam', 'WARD', 'CREATED'),
    (304, 3, 'Phường Thanh Xuân Trung', 'P.Thanh Xuân Trung', 'WARD', 'CREATED'),
    (304, 3, 'Phường Thượng Đình', 'P.Thượng Đình', 'WARD', 'CREATED'),
    /* TX.Sơn Tây */
    (305, 3, 'Phường Lê Lợi', 'P.Lê Lợi', 'WARD', 'CREATED'),
    (305, 3, 'Phường Ngô Quyền', 'P.Ngô Quyền', 'WARD', 'CREATED'),
    (305, 3, 'Phường Phú Thịnh', 'P.Phú Thịnh', 'WARD', 'CREATED'),
    (305, 3, 'Phường Quang Trung', 'P.Quang Trung', 'WARD', 'CREATED'),
    (305, 3, 'Phường Sơn Lộc', 'P.Sơn Lộc', 'WARD', 'CREATED'),
    (305, 3, 'Phường Trung Hưng', 'P.Trung Hưng', 'WARD', 'CREATED'),
    (305, 3, 'Phường Trung Sơn Trầm', 'P.Trung Sơn Trầm', 'WARD', 'CREATED'),
    (305, 3, 'Phường Viên Sơn', 'P.Viên Sơn', 'WARD', 'CREATED'),
    (305, 3, 'Phường Xuân Khanh', 'P.Xuân Khanh', 'WARD', 'CREATED'),
    (305, 3, 'Xã Cổ Đông', 'X.Cổ Đông', 'WARD', 'CREATED'),
    (305, 3, 'Xã Đường Lâm', 'X.Đường Lâm', 'WARD', 'CREATED'),
    (305, 3, 'Xã Kim Sơn', 'X.Kim Sơn', 'WARD', 'CREATED'),
    (305, 3, 'Xã Sơn Đông', 'X.Sơn Đông', 'WARD', 'CREATED'),
    (305, 3, 'Xã Thanh Mỹ', 'X.Thanh Mỹ', 'WARD', 'CREATED'),
    (305, 3, 'Xã Xuân Sơn', 'X.Xuân Sơn', 'WARD', 'CREATED'),
    /* H.Ba Vì */
    (306, 3, 'Thị trấn Tây Đằng', 'TT.Tây Đằng', 'WARD', 'DELETED'),
    (306, 3, 'Xã Ba Trại', 'X.Ba Trại', 'WARD', 'DELETED'),
    (306, 3, 'Xã Ba Vì', 'X.Ba Vì', 'WARD', 'DELETED'),
    (306, 3, 'Xã Cẩm Lĩnh', 'X.Cẩm Lĩnh', 'WARD', 'DELETED'),
    (306, 3, 'Xã Cam Thượng', 'X.Cam Thượng', 'WARD', 'DELETED'),
    (306, 3, 'Xã Châu Sơn', 'X.Châu Sơn', 'WARD', 'DELETED'),
    (306, 3, 'Xã Chu Minh', 'X.Chu Minh', 'WARD', 'DELETED'),
    (306, 3, 'Xã Cổ Đô', 'X.Cổ Đô', 'WARD', 'DELETED'),
    (306, 3, 'Xã Đông Quang', 'X.Đông Quang', 'WARD', 'DELETED'),
    (306, 3, 'Xã Đồng Thái', 'X.Đồng Thái', 'WARD', 'DELETED'),
    (306, 3, 'Xã Khánh Thượng', 'X.Khánh Thượng', 'WARD', 'DELETED'),
    (306, 3, 'Xã Minh Châu', 'X.Minh Châu', 'WARD', 'DELETED'),
    (306, 3, 'Xã Minh Quang', 'X.Minh Quang', 'WARD', 'DELETED'),
    (306, 3, 'Xã Phong Vân', 'X.Phong Vân', 'WARD', 'DELETED'),
    (306, 3, 'Xã Phú Châu', 'X.Phú Châu', 'WARD', 'DELETED'),
    (306, 3, 'Xã Phú Cường', 'X.Phú Cường', 'WARD', 'DELETED'),
    (306, 3, 'Xã Phú Đông', 'X.Phú Đông', 'WARD', 'DELETED'),
    (306, 3, 'Xã Phú Phương', 'X.Phú Phương', 'WARD', 'DELETED'),
    (306, 3, 'Xã Phú Sơn', 'X.Phú Sơn', 'WARD', 'DELETED'),
    (306, 3, 'Xã Sơn Đà', 'X.Sơn Đà', 'WARD', 'DELETED'),
    (306, 3, 'Xã Tản Hồng', 'X.Tản Hồng', 'WARD', 'DELETED'),
    (306, 3, 'Xã Tản Lĩnh', 'X.Tản Lĩnh', 'WARD', 'DELETED'),
    (306, 3, 'Xã Thái Hòa', 'X.Thái Hòa', 'WARD', 'DELETED'),
    (306, 3, 'Xã Thuần Mỹ', 'X.Thuần Mỹ', 'WARD', 'DELETED'),
    (306, 3, 'Xã Thụy An', 'X.Thụy An', 'WARD', 'DELETED'),
    (306, 3, 'Xã Tiên Phong', 'X.Tiên Phong', 'WARD', 'DELETED'),
    (306, 3, 'Xã Tòng Bạt', 'X.Tòng Bạt', 'WARD', 'DELETED'),
    (306, 3, 'Xã Vân Hòa', 'X.Vân Hòa', 'WARD', 'DELETED'),
    (306, 3, 'Xã Vạn Thắng', 'X.Vạn Thắng', 'WARD', 'DELETED'),
    (306, 3, 'Xã Vật Lại', 'X.Vật Lại', 'WARD', 'DELETED'),
    (306, 3, 'Xã Yên Bài', 'X.Yên Bài', 'WARD', 'DELETED'),
    /* H.Chương Mỹ */
    (307, 3, 'Thị trấn Chúc Sơn', 'TT.Chúc Sơn', 'WARD', 'DELETED'),
    (307, 3, 'Thị trấn Xuân Mai', 'TT.Xuân Mai', 'WARD', 'DELETED'),
    (307, 3, 'Xã Đại Yên', 'X.Đại Yên', 'WARD', 'DELETED'),
    (307, 3, 'Xã Đông Phương Yên', 'X.Đông Phương Yên', 'WARD', 'DELETED'),
    (307, 3, 'Xã Đông Sơn', 'X.Đông Sơn', 'WARD', 'DELETED'),
    (307, 3, 'Xã Đồng Lạc', 'X.Đồng Lạc', 'WARD', 'DELETED'),
    (307, 3, 'Xã Đồng Phú', 'X.Đồng Phú', 'WARD', 'DELETED'),
    (307, 3, 'Xã Hòa Chính', 'X.Hòa Chính', 'WARD', 'DELETED'),
    (307, 3, 'Xã Hoàng Diệu', 'X.Hoàng Diệu', 'WARD', 'DELETED'),
    (307, 3, 'Xã Hoàng Văn Thụ', 'X.Hoàng Văn Thụ', 'WARD', 'DELETED'),
    (307, 3, 'Xã Hồng Phong', 'X.Hồng Phong', 'WARD', 'DELETED'),
    (307, 3, 'Xã Hợp Đồng', 'X.Hợp Đồng', 'WARD', 'DELETED'),
    (307, 3, 'Xã Hữu Văn', 'X.Hữu Văn', 'WARD', 'DELETED'),
    (307, 3, 'Xã Lam Điền', 'X.Lam Điền', 'WARD', 'DELETED'),
    (307, 3, 'Xã Mỹ Lương', 'X.Mỹ Lương', 'WARD', 'DELETED'),
    (307, 3, 'Xã Nam Phương Tiến', 'X.Nam Phương Tiến', 'WARD', 'DELETED'),
    (307, 3, 'Xã Ngọc Hòa', 'X.Ngọc Hòa', 'WARD', 'DELETED'),
    (307, 3, 'Xã Phú Nam An', 'X.Phú Nam An', 'WARD', 'DELETED'),
    (307, 3, 'Xã Phú Nghĩa', 'X.Phú Nghĩa', 'WARD', 'DELETED'),
    (307, 3, 'Xã Phụng Châu', 'X.Phụng Châu', 'WARD', 'DELETED'),
    (307, 3, 'Xã Quảng Bị', 'X.Quảng Bị', 'WARD', 'DELETED'),
    (307, 3, 'Xã Tân Tiến', 'X.Tân Tiến', 'WARD', 'DELETED'),
    (307, 3, 'Xã Tiên Phương', 'X.Tiên Phương', 'WARD', 'DELETED'),
    (307, 3, 'Xã Tốt Động', 'X.Tốt Động', 'WARD', 'DELETED'),
    (307, 3, 'Xã Thanh Bình', 'X.Thanh Bình', 'WARD', 'DELETED'),
    (307, 3, 'Xã Thủy Xuân Tiên', 'X.Thủy Xuân Tiên', 'WARD', 'DELETED'),
    (307, 3, 'Xã Thụy Hương', 'X.Thụy Hương', 'WARD', 'DELETED'),
    (307, 3, 'Xã Thượng Vực', 'X.Thượng Vực', 'WARD', 'DELETED'),
    (307, 3, 'Xã Trần Phú', 'X.Trần Phú', 'WARD', 'DELETED'),
    (307, 3, 'Xã Trung Hòa', 'X.Trung Hòa', 'WARD', 'DELETED'),
    (307, 3, 'Xã Trường Yên', 'X.Trường Yên', 'WARD', 'DELETED'),
    (307, 3, 'Xã Văn Võ', 'X.Văn Võ', 'WARD', 'DELETED'),
    /* H.Đan Phượng */
    (308, 3, 'Thị trấn Phùng', 'TT.Phùng', 'WARD', 'DELETED'),
    (308, 3, 'Xã Đan Phượng', 'X.Đan Phượng', 'WARD', 'DELETED'),
    (308, 3, 'Xã Đồng Tháp', 'X.Đồng Tháp', 'WARD', 'DELETED'),
    (308, 3, 'Xã Hạ Mỗ', 'X.Hạ Mỗ', 'WARD', 'DELETED'),
    (308, 3, 'Xã Hồng Hà', 'X.Hồng Hà', 'WARD', 'DELETED'),
    (308, 3, 'Xã Liên Hà', 'X.Liên Hà', 'WARD', 'DELETED'),
    (308, 3, 'Xã Liên Hồng', 'X.Liên Hồng', 'WARD', 'DELETED'),
    (308, 3, 'Xã Liên Trung', 'X.Liên Trung', 'WARD', 'DELETED'),
    (308, 3, 'Xã Phương Đình', 'X.Phương Đình', 'WARD', 'DELETED'),
    (308, 3, 'Xã Song Phượng', 'X.Song Phượng', 'WARD', 'DELETED'),
    (308, 3, 'Xã Tân Hội', 'X.Tân Hội', 'WARD', 'DELETED'),
    (308, 3, 'Xã Tân Lập', 'X.Tân Lập', 'WARD', 'DELETED'),
    (308, 3, 'Xã Thọ An', 'X.Thọ An', 'WARD', 'DELETED'),
    (308, 3, 'Xã Thọ Xuân', 'X.Thọ Xuân', 'WARD', 'DELETED'),
    (308, 3, 'Xã Thượng Mỗ', 'X.Thượng Mỗ', 'WARD', 'DELETED'),
    (308, 3, 'Xã Trung Châu', 'X.Trung Châu', 'WARD', 'DELETED'),
    /* H.Đông Anh */
    (309, 3, 'Thị trấn Đông Anh', 'TT.Đông Anh', 'WARD', 'DELETED'),
    (309, 3, 'Xã Bắc Hồng, ', 'X.Bắc Hồng', 'WARD', 'DELETED'),
    (309, 3, 'Xã Cổ Loa', 'X.Cổ Loa', 'WARD', 'DELETED'),
    (309, 3, 'Xã Đại Mạch', 'X.Đại Mạch', 'WARD', 'DELETED'),
    (309, 3, 'Xã Đông Hội', 'X.Đông Hội', 'WARD', 'DELETED'),
    (309, 3, 'Xã Dục Tú', 'X.Dục Tú', 'WARD', 'DELETED'),
    (309, 3, 'Xã Hải Bối', 'X.Hải Bối', 'WARD', 'DELETED'),
    (309, 3, 'Xã Kim Chung', 'X.Kim Chung', 'WARD', 'DELETED'),
    (309, 3, 'Xã Kim Nỗ', 'X.Kim Nỗ', 'WARD', 'DELETED'),
    (309, 3, 'Xã Liên Hà', 'X.Liên Hà', 'WARD', 'DELETED'),
    (309, 3, 'Xã Mai Lâm', 'X.Mai Lâm', 'WARD', 'DELETED'),
    (309, 3, 'Xã Nam Hồng', 'X.Nam Hồng', 'WARD', 'DELETED'),
    (309, 3, 'Xã Nguyên Khê', 'X.Nguyên Khê', 'WARD', 'DELETED'),
    (309, 3, 'Xã Tàm Xá', 'X.Tàm Xá', 'WARD', 'DELETED'),
    (309, 3, 'Xã Thụy Lâm', 'X.Thụy Lâm', 'WARD', 'DELETED'),
    (309, 3, 'Xã Tiên Dương', 'X.Tiên Dương', 'WARD', 'DELETED'),
    (309, 3, 'Xã Uy Nỗ', 'X.Uy Nỗ', 'WARD', 'DELETED'),
    (309, 3, 'Xã Vân Hà', 'X.Vân Hà', 'WARD', 'DELETED'),
    (309, 3, 'Xã Vân Nội', 'X.Vân Nội', 'WARD', 'DELETED'),
    (309, 3, 'Xã Việt Hùng', 'X.Việt Hùng', 'WARD', 'DELETED'),
    (309, 3, 'Xã Vĩnh Ngọc', 'X.Vĩnh Ngọc', 'WARD', 'DELETED'),
    (309, 3, 'Xã Võng La', 'X.Võng La', 'WARD', 'DELETED'),
    (309, 3, 'Xã Xuân Canh', 'X.Xuân Canh', 'WARD', 'DELETED'),
    (309, 3, 'Xã Xuân Nộn', 'X.Xuân Nộn', 'WARD', 'DELETED'),
    /* H.Gia Lâm */
    (310, 3, 'Thị trấn Trâu Quỳ', 'TT.Trâu Quỳ', 'WARD', 'DELETED'),
    (310, 3, 'Thị trấn Yên Viên', 'TT.Yên Viên', 'WARD', 'DELETED'),
    (310, 3, 'Xã Cổ Bi', 'X.Cổ Bi', 'WARD', 'DELETED'),
    (310, 3, 'Xã Đặng Xá', 'X.Đặng Xá', 'WARD', 'DELETED'),
    (310, 3, 'Xã Dương Xá', 'X.Dương Xá', 'WARD', 'DELETED'),
    (310, 3, 'Xã Phú Thị', 'X.Phú Thị', 'WARD', 'DELETED'),
    (310, 3, 'Xã Dương Quang', 'X.Dương Quang', 'WARD', 'DELETED'),
    (310, 3, 'Xã Kim Sơn', 'X.Kim Sơn', 'WARD', 'DELETED'),
    (310, 3, 'Xã Lệ Chi', 'X.Lệ Chi', 'WARD', 'DELETED'),
    (310, 3, 'Xã Đông Dư', 'X.Đông Dư', 'WARD', 'DELETED'),
    (310, 3, 'Xã Bát Tràng', 'X.Bát Tràng', 'WARD', 'DELETED'),
    (310, 3, 'Xã Kim Lan', 'X.Kim Lan', 'WARD', 'DELETED'),
    (310, 3, 'Xã Văn Đức', 'X.Văn Đức', 'WARD', 'DELETED'),
    (310, 3, 'Xã Đa Tốn', 'X.Đa Tốn', 'WARD', 'DELETED'),
    (310, 3, 'Xã Kiêu Kỵ', 'X.Kiêu Kỵ', 'WARD', 'DELETED'),
    (310, 3, 'Xã Yên Thường', 'X.Yên Thường', 'WARD', 'DELETED'),
    (310, 3, 'Xã Yên Viên', 'X.Yên Viên', 'WARD', 'DELETED'),
    (310, 3, 'Xã Dương Hà', 'X.Dương Hà', 'WARD', 'DELETED'),
    (310, 3, 'Xã Ninh Hiệp', 'X.Ninh Hiệp', 'WARD', 'DELETED'),
    (310, 3, 'Xã Đình Xuyên', 'X.Đình Xuyên', 'WARD', 'DELETED'),
    (310, 3, 'Xã Phù Đổng', 'X.Phù Đổng', 'WARD', 'DELETED'),
    (310, 3, 'Xã Trung Mầu', 'X.Trung Mầu', 'WARD', 'DELETED'),
    /* H.Hoài Đức */
    (311, 3, 'Thị trấn Trạm Trôi', 'TT.Trạm Trôi', 'WARD', 'DELETED'),
    (311, 3, 'Xã An Khánh', 'X.An Khánh', 'WARD', 'DELETED'),
    (311, 3, 'Xã An Thượng', 'X.An Thượng', 'WARD', 'DELETED'),
    (311, 3, 'Xã Cát Quế', 'X.Cát Quế', 'WARD', 'DELETED'),
    (311, 3, 'Xã Đắc Sở', 'X.Đắc Sở', 'WARD', 'DELETED'),
    (311, 3, 'Xã Di Trạch', 'X.Di Trạch', 'WARD', 'DELETED'),
    (311, 3, 'Xã Đông La', 'X.Đông La', 'WARD', 'DELETED'),
    (311, 3, 'Xã Đức Giang', 'X.Đức Giang', 'WARD', 'DELETED'),
    (311, 3, 'Xã Đức Thượng', 'X.Đức Thượng', 'WARD', 'DELETED'),
    (311, 3, 'Xã Dương Liễu', 'X.Dương Liễu', 'WARD', 'DELETED'),
    (311, 3, 'Xã Kim Chung', 'X.Kim Chung', 'WARD', 'DELETED'),
    (311, 3, 'Xã La Phù', 'X.La Phù', 'WARD', 'DELETED'),
    (311, 3, 'Xã Lại Yên', 'X.Lại Yên', 'WARD', 'DELETED'),
    (311, 3, 'Xã Minh Khai', 'X.Minh Khai', 'WARD', 'DELETED'),
    (311, 3, 'Xã Sơn Đồng', 'X.Sơn Đồng', 'WARD', 'DELETED'),
    (311, 3, 'Xã Song Phương', 'X.Song Phương', 'WARD', 'DELETED'),
    (311, 3, 'Xã Tiền Yên', 'X.Tiền Yên', 'WARD', 'DELETED'),
    (311, 3, 'Xã Vân Canh', 'X.Vân Canh', 'WARD', 'DELETED'),
    (311, 3, 'Xã Vân Côn', 'X.Vân Côn', 'WARD', 'DELETED'),
    (311, 3, 'Xã Yên Sở', 'X.Yên Sở', 'WARD', 'DELETED'),
    /* H.Mê Linh */
    (312, 3, 'Thị trấn  Chi Đông', 'TT. Chi Đông', 'WARD', 'DELETED'),
    (312, 3, 'Thị trấn Quang Minh', 'TT.Quang Minh', 'WARD', 'DELETED'),
    (312, 3, 'Xã Chu Phan', 'X.Chu Phan', 'WARD', 'DELETED'),
    (312, 3, 'Xã Đại Thịnh', 'X.Đại Thịnh', 'WARD', 'DELETED'),
    (312, 3, 'Xã Hoàng Kim', 'X.Hoàng Kim', 'WARD', 'DELETED'),
    (312, 3, 'Xã Kim Hoa', 'X.Kim Hoa', 'WARD', 'DELETED'),
    (312, 3, 'Xã Liên Mạc', 'X.Liên Mạc', 'WARD', 'DELETED'),
    (312, 3, 'Xã Mê Linh', 'X.Mê Linh', 'WARD', 'DELETED'),
    (312, 3, 'Xã Tam Đồng', 'X.Tam Đồng', 'WARD', 'DELETED'),
    (312, 3, 'Xã Thạch Đà', 'X.Thạch Đà', 'WARD', 'DELETED'),
    (312, 3, 'Xã Thanh Lâm', 'X.Thanh Lâm', 'WARD', 'DELETED'),
    (312, 3, 'Xã Tiền Phong', 'X.Tiền Phong', 'WARD', 'DELETED'),
    (312, 3, 'Xã Tiến Thắng', 'X.Tiến Thắng', 'WARD', 'DELETED'),
    (312, 3, 'Xã Tiến Thịnh', 'X.Tiến Thịnh', 'WARD', 'DELETED'),
    (312, 3, 'Xã Tráng Việt', 'X.Tráng Việt', 'WARD', 'DELETED'),
    (312, 3, 'Xã Tự Lập', 'X.Tự Lập', 'WARD', 'DELETED'),
    (312, 3, 'Xã Vạn Yên', 'X.Vạn Yên', 'WARD', 'DELETED'),
    (312, 3, 'Xã Văn Khê', 'X.Văn Khê', 'WARD', 'DELETED'),
    /* H.Mỹ Đức */
    (313, 3, 'Thị trấn Đại Nghĩa', 'TT.Đại Nghĩa', 'WARD', 'DELETED'),
    (313, 3, 'Xã An Mỹ', 'X.An Mỹ', 'WARD', 'DELETED'),
    (313, 3, 'Xã An Phú', 'X.An Phú', 'WARD', 'DELETED'),
    (313, 3, 'Xã An Tiến', 'X.An Tiến', 'WARD', 'DELETED'),
    (313, 3, 'Xã Bột Xuyên', 'X.Bột Xuyên', 'WARD', 'DELETED'),
    (313, 3, 'Xã Đại Hưng', 'X.Đại Hưng', 'WARD', 'DELETED'),
    (313, 3, 'Xã Đốc Tín', 'X.Đốc Tín', 'WARD', 'DELETED'),
    (313, 3, 'Xã Đồng Tâm', 'X.Đồng Tâm', 'WARD', 'DELETED'),
    (313, 3, 'Xã Hồng Sơn', 'X.Hồng Sơn', 'WARD', 'DELETED'),
    (313, 3, 'Xã Hợp Thanh', 'X.Hợp Thanh', 'WARD', 'DELETED'),
    (313, 3, 'Xã Hợp Tiến', 'X.Hợp Tiến', 'WARD', 'DELETED'),
    (313, 3, 'Xã Hùng Tiến', 'X.Hùng Tiến', 'WARD', 'DELETED'),
    (313, 3, 'Xã Hương Sơn', 'X.Hương Sơn', 'WARD', 'DELETED'),
    (313, 3, 'Xã Lê Thanh', 'X.Lê Thanh', 'WARD', 'DELETED'),
    (313, 3, 'Xã Mỹ Thành', 'X.Mỹ Thành', 'WARD', 'DELETED'),
    (313, 3, 'Xã Phù Lưu Tế', 'X.Phù Lưu Tế', 'WARD', 'DELETED'),
    (313, 3, 'Xã Phúc Lâm', 'X.Phúc Lâm', 'WARD', 'DELETED'),
    (313, 3, 'Xã Phùng Xá', 'X.Phùng Xá', 'WARD', 'DELETED'),
    (313, 3, 'Xã Thượng Lâm', 'X.Thượng Lâm', 'WARD', 'DELETED'),
    (313, 3, 'Xã Tuy Lai', 'X.Tuy Lai', 'WARD', 'DELETED'),
    (313, 3, 'Xã Vạn Kim', 'X.Vạn Kim', 'WARD', 'DELETED'),
    (313, 3, 'Xã Xuy Xá', 'X.Xuy Xá', 'WARD', 'DELETED'),
    /* H.Phú Xuyên */
    (314, 3, 'Thị trấn Phú Xuyên', 'TT.Phú Xuyên', 'WARD', 'DELETED'),
    (314, 3, 'Thị trấn Phú Minh', 'TT.Phú Minh', 'WARD', 'DELETED'),
    (314, 3, 'Xã Bạch Hạ', 'X.Bạch Hạ', 'WARD', 'DELETED'),
    (314, 3, 'Xã Châu Can', 'X.Châu Can', 'WARD', 'DELETED'),
    (314, 3, 'Xã Chuyên Mỹ', 'X.Chuyên Mỹ', 'WARD', 'DELETED'),
    (314, 3, 'Xã Đại Thắng', 'X.Đại Thắng', 'WARD', 'DELETED'),
    (314, 3, 'Xã Đại Xuyên', 'X.Đại Xuyên', 'WARD', 'DELETED'),
    (314, 3, 'Xã Hoàng Long', 'X.Hoàng Long', 'WARD', 'DELETED'),
    (314, 3, 'Xã Hồng Minh', 'X.Hồng Minh', 'WARD', 'DELETED'),
    (314, 3, 'Xã Hồng Thái', 'X.Hồng Thái', 'WARD', 'DELETED'),
    (314, 3, 'Xã Khai Thái', 'X.Khai Thái', 'WARD', 'DELETED'),
    (314, 3, 'Xã Minh Tân', 'X.Minh Tân', 'WARD', 'DELETED'),
    (314, 3, 'Xã Nam Phong', 'X.Nam Phong', 'WARD', 'DELETED'),
    (314, 3, 'Xã Nam Tiến', 'X.Nam Tiến', 'WARD', 'DELETED'),
    (314, 3, 'Xã Nam Triều', 'X.Nam Triều', 'WARD', 'DELETED'),
    (314, 3, 'Xã Phú Túc', 'X.Phú Túc', 'WARD', 'DELETED'),
    (314, 3, 'Xã Phú Yên', 'X.Phú Yên', 'WARD', 'DELETED'),
    (314, 3, 'Xã Phúc Tiến', 'X.Phúc Tiến', 'WARD', 'DELETED'),
    (314, 3, 'Xã Phượng Dực', 'X.Phượng Dực', 'WARD', 'DELETED'),
    (314, 3, 'Xã Quang Lãng', 'X.Quang Lãng', 'WARD', 'DELETED'),
    (314, 3, 'Xã Quang Trung', 'X.Quang Trung', 'WARD', 'DELETED'),
    (314, 3, 'Xã Sơn Hà', 'X.Sơn Hà', 'WARD', 'DELETED'),
    (314, 3, 'Xã Tân Dân', 'X.Tân Dân', 'WARD', 'DELETED'),
    (314, 3, 'Xã Tri Thủy', 'X.Tri Thủy', 'WARD', 'DELETED'),
    (314, 3, 'Xã Tri Trung', 'X.Tri Trung', 'WARD', 'DELETED'),
    (314, 3, 'Xã Văn Hoàng', 'X.Văn Hoàng', 'WARD', 'DELETED'),
    (314, 3, 'Xã Vân Từ', 'X.Vân Từ', 'WARD', 'DELETED'),
    /* H.Phúc Thọ */
    (315, 3, 'Thị trấn Phúc Thọ', 'TT.Phúc Thọ', 'WARD', 'DELETED'),
    (315, 3, 'Xã Hát Môn', 'X.Hát Môn', 'WARD', 'DELETED'),
    (315, 3, 'Xã Hiệp Thuận', 'X.Hiệp Thuận', 'WARD', 'DELETED'),
    (315, 3, 'Xã Liên Hiệp', 'X.Liên Hiệp', 'WARD', 'DELETED'),
    (315, 3, 'Xã Long Xuyên', 'X.Long Xuyên', 'WARD', 'DELETED'),
    (315, 3, 'Xã Ngọc Tảo', 'X.Ngọc Tảo', 'WARD', 'DELETED'),
    (315, 3, 'Xã Phúc Hòa', 'X.Phúc Hòa', 'WARD', 'DELETED'),
    (315, 3, 'Xã Phụng Thượng', 'X.Phụng Thượng', 'WARD', 'DELETED'),
    (315, 3, 'Xã Sen Phương', 'X.Sen Phương', 'WARD', 'DELETED'),
    (315, 3, 'Xã Tam Hiệp', 'X.Tam Hiệp', 'WARD', 'DELETED'),
    (315, 3, 'Xã Tam Thuấn', 'X.Tam Thuấn', 'WARD', 'DELETED'),
    (315, 3, 'Xã Thanh Đa', 'X.Thanh Đa', 'WARD', 'DELETED'),
    (315, 3, 'Xã Thọ Lộc', 'X.Thọ Lộc', 'WARD', 'DELETED'),
    (315, 3, 'Xã Thượng Cốc', 'X.Thượng Cốc', 'WARD', 'DELETED'),
    (315, 3, 'Xã Tích Giang', 'X.Tích Giang', 'WARD', 'DELETED'),
    (315, 3, 'Xã Trạch Mỹ Lộc', 'X.Trạch Mỹ Lộc', 'WARD', 'DELETED'),
    (315, 3, 'Xã Vân Hà', 'X.Vân Hà', 'WARD', 'DELETED'),
    (315, 3, 'Xã Vân Nam', 'X.Vân Nam', 'WARD', 'DELETED'),
    (315, 3, 'Xã Vân Phúc', 'X.Vân Phúc', 'WARD', 'DELETED'),
    (315, 3, 'Xã Võng Xuyên', 'X.Võng Xuyên', 'WARD', 'DELETED'),
    (315, 3, 'Xã Xuân Đình', 'X.Xuân Đình', 'WARD', 'DELETED'),
    /* H.Quốc Oai */
    (316, 3, 'Thị trấn Quốc Oai', 'TT.Quốc Oai', 'WARD', 'DELETED'),
    (316, 3, 'Xã Cấn Hữu', 'X.Cấn Hữu', 'WARD', 'DELETED'),
    (316, 3, 'Xã Cộng Hòa', 'X.Cộng Hòa', 'WARD', 'DELETED'),
    (316, 3, 'Xã Đại Thành', 'X.Đại Thành', 'WARD', 'DELETED'),
    (316, 3, 'Xã Đồng Quang', 'X.Đồng Quang', 'WARD', 'DELETED'),
    (316, 3, 'Xã Đông Yên', 'X.Đông Yên', 'WARD', 'DELETED'),
    (316, 3, 'Xã Hòa Thạch', 'X.Hòa Thạch', 'WARD', 'DELETED'),
    (316, 3, 'Xã Liệp Tuyết', 'X.Liệp Tuyết', 'WARD', 'DELETED'),
    (316, 3, 'Xã Nghĩa Hương', 'X.Nghĩa Hương', 'WARD', 'DELETED'),
    (316, 3, 'Xã Ngọc Liệp', 'X.Ngọc Liệp', 'WARD', 'DELETED'),
    (316, 3, 'Xã Ngọc Mỹ', 'X.Ngọc Mỹ', 'WARD', 'DELETED'),
    (316, 3, 'Xã Phú Cát', 'X.Phú Cát', 'WARD', 'DELETED'),
    (316, 3, 'Xã Phú Mãn', 'X.Phú Mãn', 'WARD', 'DELETED'),
    (316, 3, 'Xã Phượng Cách', 'X.Phượng Cách', 'WARD', 'DELETED'),
    (316, 3, 'Xã Sài Sơn', 'X.Sài Sơn', 'WARD', 'DELETED'),
    (316, 3, 'Xã Tân Hòa', 'X.Tân Hòa', 'WARD', 'DELETED'),
    (316, 3, 'Xã Tân Phú', 'X.Tân Phú', 'WARD', 'DELETED'),
    (316, 3, 'Xã Thạch Thán', 'X.Thạch Thán', 'WARD', 'DELETED'),
    (316, 3, 'Xã Tuyết Nghĩa', 'X.Tuyết Nghĩa', 'WARD', 'DELETED'),
    (316, 3, 'Xã Yên Sơn', 'X.Yên Sơn', 'WARD', 'DELETED'),
    (316, 3, 'Xã Đông Xuân', 'X.Đông Xuân', 'WARD', 'DELETED'),
    /* H.Sóc Sơn */
    (317, 3, 'Thị trấn Sóc Sơn', 'TT.Sóc Sơn', 'WARD', 'DELETED'),
    (317, 3, 'Xã Bắc Phú', 'X.Bắc Phú', 'WARD', 'DELETED'),
    (317, 3, 'Xã Bắc Sơn', 'X.Bắc Sơn', 'WARD', 'DELETED'),
    (317, 3, 'Xã Đông Xuân', 'X.Đông Xuân', 'WARD', 'DELETED'),
    (317, 3, 'Xã Đức Hòa', 'X.Đức Hòa', 'WARD', 'DELETED'),
    (317, 3, 'Xã Hiền Ninh', 'X.Hiền Ninh', 'WARD', 'DELETED'),
    (317, 3, 'Xã Hồng Kỳ', 'X.Hồng Kỳ', 'WARD', 'DELETED'),
    (317, 3, 'Xã Kim Lũ', 'X.Kim Lũ', 'WARD', 'DELETED'),
    (317, 3, 'Xã Mai Đình', 'X.Mai Đình', 'WARD', 'DELETED'),
    (317, 3, 'Xã Minh Phú', 'X.Minh Phú', 'WARD', 'DELETED'),
    (317, 3, 'Xã Minh Trí', 'X.Minh Trí', 'WARD', 'DELETED'),
    (317, 3, 'Xã Nam Sơn', 'X.Nam Sơn', 'WARD', 'DELETED'),
    (317, 3, 'Xã Phú Cường', 'X.Phú Cường', 'WARD', 'DELETED'),
    (317, 3, 'Xã Phù Linh', 'X.Phù Linh', 'WARD', 'DELETED'),
    (317, 3, 'Xã Phù Lỗ', 'X.Phù Lỗ', 'WARD', 'DELETED'),
    (317, 3, 'Xã Phú Minh', 'X.Phú Minh', 'WARD', 'DELETED'),
    (317, 3, 'Xã Quang Tiến', 'X.Quang Tiến', 'WARD', 'DELETED'),
    (317, 3, 'Xã Tân Dân', 'X.Tân Dân', 'WARD', 'DELETED'),
    (317, 3, 'Xã Tân Hưng', 'X.Tân Hưng', 'WARD', 'DELETED'),
    (317, 3, 'Xã Tân Minh', 'X.Tân Minh', 'WARD', 'DELETED'),
    (317, 3, 'Xã Thanh Xuân', 'X.Thanh Xuân', 'WARD', 'DELETED'),
    (317, 3, 'Xã Tiên Dược', 'X.Tiên Dược', 'WARD', 'DELETED'),
    (317, 3, 'Xã Trung Giã', 'X.Trung Giã', 'WARD', 'DELETED'),
    (317, 3, 'Xã Việt Long', 'X.Việt Long', 'WARD', 'DELETED'),
    (317, 3, 'Xã Xuân Giang', 'X.Xuân Giang', 'WARD', 'DELETED'),
    (317, 3, 'Xã Xuân Thu', 'X.Xuân Thu', 'WARD', 'DELETED'),
    /* H.Thạch Thất */
    (318, 3, 'Thị trấn Liên Quan', 'TT.Liên Quan', 'WARD', 'DELETED'),
    (318, 3, 'Xã Bình Phú', 'X.Bình Phú', 'WARD', 'DELETED'),
    (318, 3, 'Xã Bình Yên', 'X.Bình Yên', 'WARD', 'DELETED'),
    (318, 3, 'Xã Cẩm Yên', 'X.Cẩm Yên', 'WARD', 'DELETED'),
    (318, 3, 'Xã Cần Kiệm', 'X.Cần Kiệm', 'WARD', 'DELETED'),
    (318, 3, 'Xã Canh Nậu', 'X.Canh Nậu', 'WARD', 'DELETED'),
    (318, 3, 'Xã Chàng Sơn', 'X.Chàng Sơn', 'WARD', 'DELETED'),
    (318, 3, 'Xã Đại Đồng', 'X.Đại Đồng', 'WARD', 'DELETED'),
    (318, 3, 'Xã Dị Nậu', 'X.Dị Nậu', 'WARD', 'DELETED'),
    (318, 3, 'Xã Đồng Trúc', 'X.Đồng Trúc', 'WARD', 'DELETED'),
    (318, 3, 'Xã Hạ Bằng', 'X.Hạ Bằng', 'WARD', 'DELETED'),
    (318, 3, 'Xã Hương Ngải', 'X.Hương Ngải', 'WARD', 'DELETED'),
    (318, 3, 'Xã Hữu Bằng', 'X.Hữu Bằng', 'WARD', 'DELETED'),
    (318, 3, 'Xã Kim Quan', 'X.Kim Quan', 'WARD', 'DELETED'),
    (318, 3, 'Xã Lại Thượng', 'X.Lại Thượng', 'WARD', 'DELETED'),
    (318, 3, 'Xã Phú Kim', 'X.Phú Kim', 'WARD', 'DELETED'),
    (318, 3, 'Xã Phùng Xá', 'X.Phùng Xá', 'WARD', 'DELETED'),
    (318, 3, 'Xã Tân Xã', 'X.Tân Xã', 'WARD', 'DELETED'),
    (318, 3, 'Xã Thạch Hòa', 'X.Thạch Hòa', 'WARD', 'DELETED'),
    (318, 3, 'Xã Thạch Xá', 'X.Thạch Xá', 'WARD', 'DELETED'),
    (318, 3, 'Xã Tiến Xuân', 'X.Tiến Xuân', 'WARD', 'DELETED'),
    (318, 3, 'Xã Yên Bình', 'X.Yên Bình', 'WARD', 'DELETED'),
    (318, 3, 'Xã Yên Trung', 'X.Yên Trung', 'WARD', 'DELETED'),
    /* H.Thanh Oai */
    (319, 3, 'Thị trấn ', 'TT.', 'WARD', 'DELETED'),
    (319, 3, 'Xã ', 'X.', 'WARD', 'DELETED'),
    (319, 3, 'Xã ', 'X.', 'WARD', 'DELETED'),
    (319, 3, 'Xã ', 'X.', 'WARD', 'DELETED'),
    (319, 3, 'Xã ', 'X.', 'WARD', 'DELETED'),
    (319, 3, 'Xã ', 'X.', 'WARD', 'DELETED'),
    (319, 3, 'Xã ', 'X.', 'WARD', 'DELETED'),
    (319, 3, 'Xã ', 'X.', 'WARD', 'DELETED'),
    (319, 3, 'Xã ', 'X.', 'WARD', 'DELETED'),
    (319, 3, 'Xã ', 'X.', 'WARD', 'DELETED'),
    (319, 3, 'Xã ', 'X.', 'WARD', 'DELETED'),
    (319, 3, 'Xã ', 'X.', 'WARD', 'DELETED'),
    (319, 3, 'Xã ', 'X.', 'WARD', 'DELETED'),
    (319, 3, 'Xã ', 'X.', 'WARD', 'DELETED'),
    (319, 3, 'Xã ', 'X.', 'WARD', 'DELETED'),
    (319, 3, 'Xã ', 'X.', 'WARD', 'DELETED'),
    (319, 3, 'Xã ', 'X.', 'WARD', 'DELETED'),
    (319, 3, 'Xã ', 'X.', 'WARD', 'DELETED'),
    (319, 3, 'Xã ', 'X.', 'WARD', 'DELETED'),
    (319, 3, 'Xã ', 'X.', 'WARD', 'DELETED'),
    (319, 3, 'Xã ', 'X.', 'WARD', 'DELETED'),
    /* H.Thanh Trì */
    (320, 3, 'Thị trấn ', 'TT.', 'WARD', 'DELETED'),
    (320, 3, 'Xã ', 'X.', 'WARD', 'DELETED'),
    (320, 3, 'Xã ', 'X.', 'WARD', 'DELETED'),
    (320, 3, 'Xã ', 'X.', 'WARD', 'DELETED'),
    (320, 3, 'Xã ', 'X.', 'WARD', 'DELETED'),
    (320, 3, 'Xã ', 'X.', 'WARD', 'DELETED'),
    (320, 3, 'Xã ', 'X.', 'WARD', 'DELETED'),
    (320, 3, 'Xã ', 'X.', 'WARD', 'DELETED'),
    (320, 3, 'Xã ', 'X.', 'WARD', 'DELETED'),
    (320, 3, 'Xã ', 'X.', 'WARD', 'DELETED'),
    (320, 3, 'Xã ', 'X.', 'WARD', 'DELETED'),
    (320, 3, 'Xã ', 'X.', 'WARD', 'DELETED'),
    (320, 3, 'Xã ', 'X.', 'WARD', 'DELETED'),
    (320, 3, 'Xã ', 'X.', 'WARD', 'DELETED'),
    (320, 3, 'Xã ', 'X.', 'WARD', 'DELETED'),
    (320, 3, 'Xã ', 'X.', 'WARD', 'DELETED'),
    /* H.Thường Tín */
    (321, 3, 'Thị trấn ', 'TT.', 'WARD', 'DELETED'),
    (321, 3, 'Xã ', 'X.', 'WARD', 'DELETED'),
    (321, 3, 'Xã ', 'X.', 'WARD', 'DELETED'),
    (321, 3, 'Xã ', 'X.', 'WARD', 'DELETED'),
    (321, 3, 'Xã ', 'X.', 'WARD', 'DELETED'),
    (321, 3, 'Xã ', 'X.', 'WARD', 'DELETED'),
    (321, 3, 'Xã ', 'X.', 'WARD', 'DELETED'),
    (321, 3, 'Xã ', 'X.', 'WARD', 'DELETED'),
    (321, 3, 'Xã ', 'X.', 'WARD', 'DELETED'),
    (321, 3, 'Xã ', 'X.', 'WARD', 'DELETED'),
    (321, 3, 'Xã ', 'X.', 'WARD', 'DELETED'),
    (321, 3, 'Xã ', 'X.', 'WARD', 'DELETED'),
    (321, 3, 'Xã ', 'X.', 'WARD', 'DELETED'),
    (321, 3, 'Xã ', 'X.', 'WARD', 'DELETED'),
    (321, 3, 'Xã ', 'X.', 'WARD', 'DELETED'),
    (321, 3, 'Xã ', 'X.', 'WARD', 'DELETED'),
    (321, 3, 'Xã ', 'X.', 'WARD', 'DELETED'),
    (321, 3, 'Xã ', 'X.', 'WARD', 'DELETED'),
    (321, 3, 'Xã ', 'X.', 'WARD', 'DELETED'),
    (321, 3, 'Xã ', 'X.', 'WARD', 'DELETED'),
    (321, 3, 'Xã ', 'X.', 'WARD', 'DELETED'),
    (321, 3, 'Xã ', 'X.', 'WARD', 'DELETED'),
    (321, 3, 'Xã ', 'X.', 'WARD', 'DELETED'),
    (321, 3, 'Xã ', 'X.', 'WARD', 'DELETED'),
    (321, 3, 'Xã ', 'X.', 'WARD', 'DELETED'),
    (321, 3, 'Xã ', 'X.', 'WARD', 'DELETED'),
    (321, 3, 'Xã ', 'X.', 'WARD', 'DELETED'),
    (321, 3, 'Xã ', 'X.', 'WARD', 'DELETED'),
    (321, 3, 'Xã ', 'X.', 'WARD', 'DELETED'),
    /* H.Ứng Hòa */
    (322, 3, 'Thị trấn ', 'TT.', 'WARD', 'DELETED'),
    (322, 3, 'Xã ', 'X.', 'WARD', 'DELETED'),
    (322, 3, 'Xã ', 'X.', 'WARD', 'DELETED'),
    (322, 3, 'Xã ', 'X.', 'WARD', 'DELETED'),
    (322, 3, 'Xã ', 'X.', 'WARD', 'DELETED'),
    (322, 3, 'Xã ', 'X.', 'WARD', 'DELETED'),
    (322, 3, 'Xã ', 'X.', 'WARD', 'DELETED'),
    (322, 3, 'Xã ', 'X.', 'WARD', 'DELETED'),
    (322, 3, 'Xã ', 'X.', 'WARD', 'DELETED'),
    (322, 3, 'Xã ', 'X.', 'WARD', 'DELETED'),
    (322, 3, 'Xã ', 'X.', 'WARD', 'DELETED'),
    (322, 3, 'Xã ', 'X.', 'WARD', 'DELETED'),
    (322, 3, 'Xã ', 'X.', 'WARD', 'DELETED'),
    (322, 3, 'Xã ', 'X.', 'WARD', 'DELETED'),
    (322, 3, 'Xã ', 'X.', 'WARD', 'DELETED'),
    (322, 3, 'Xã ', 'X.', 'WARD', 'DELETED'),
    (322, 3, 'Xã ', 'X.', 'WARD', 'DELETED'),
    (322, 3, 'Xã ', 'X.', 'WARD', 'DELETED'),
    (322, 3, 'Xã ', 'X.', 'WARD', 'DELETED'),
    (322, 3, 'Xã ', 'X.', 'WARD', 'DELETED'),
    (322, 3, 'Xã ', 'X.', 'WARD', 'DELETED'),
    (322, 3, 'Xã ', 'X.', 'WARD', 'DELETED'),
    (322, 3, 'Xã ', 'X.', 'WARD', 'DELETED'),
    (322, 3, 'Xã ', 'X.', 'WARD', 'DELETED'),
    (322, 3, 'Xã ', 'X.', 'WARD', 'DELETED'),
    (322, 3, 'Xã ', 'X.', 'WARD', 'DELETED'),
    (322, 3, 'Xã ', 'X.', 'WARD', 'DELETED'),
    (322, 3, 'Xã ', 'X.', 'WARD', 'DELETED'),
    (322, 3, 'Xã ', 'X.', 'WARD', 'DELETED'),

    /* Hải Phòng */
    /* Q.Đồ Sơn */
    (348, 3, 'Phường ', 'P.', 'WARD', 'CREATED'),
    (348, 3, 'Phường ', 'P.', 'WARD', 'CREATED'),
    (348, 3, 'Phường ', 'P.', 'WARD', 'CREATED'),
    (348, 3, 'Phường ', 'P.', 'WARD', 'CREATED'),
    (348, 3, 'Phường ', 'P.', 'WARD', 'CREATED'),
    (348, 3, 'Phường ', 'P.', 'WARD', 'CREATED'),
    /* Q.Dương Kinh */
    (349, 3, 'Phường ', 'P.', 'WARD', 'CREATED'),
    (349, 3, 'Phường ', 'P.', 'WARD', 'CREATED'),
    (349, 3, 'Phường ', 'P.', 'WARD', 'CREATED'),
    (349, 3, 'Phường ', 'P.', 'WARD', 'CREATED'),
    (349, 3, 'Phường ', 'P.', 'WARD', 'CREATED'),
    (349, 3, 'Phường ', 'P.', 'WARD', 'CREATED'),
    /* Q.Hải An */
    (350, 3, 'Phường ', 'P.', 'WARD', 'CREATED'),
    (350, 3, 'Phường ', 'P.', 'WARD', 'CREATED'),
    (350, 3, 'Phường ', 'P.', 'WARD', 'CREATED'),
    (350, 3, 'Phường ', 'P.', 'WARD', 'CREATED'),
    (350, 3, 'Phường ', 'P.', 'WARD', 'CREATED'),
    (350, 3, 'Phường ', 'P.', 'WARD', 'CREATED'),
    (350, 3, 'Phường ', 'P.', 'WARD', 'CREATED'),
    (350, 3, 'Phường ', 'P.', 'WARD', 'CREATED'),
    /* Q.Hồng Bàng */
    (351, 3, 'Phường ', 'P.', 'WARD', 'CREATED'),
    (351, 3, 'Phường ', 'P.', 'WARD', 'CREATED'),
    (351, 3, 'Phường ', 'P.', 'WARD', 'CREATED'),
    (351, 3, 'Phường ', 'P.', 'WARD', 'CREATED'),
    (351, 3, 'Phường ', 'P.', 'WARD', 'CREATED'),
    (351, 3, 'Phường ', 'P.', 'WARD', 'CREATED'),
    (351, 3, 'Phường ', 'P.', 'WARD', 'CREATED'),
    (351, 3, 'Phường ', 'P.', 'WARD', 'CREATED'),
    (351, 3, 'Phường ', 'P.', 'WARD', 'CREATED'),
    /* Q.Kiến An */
    (352, 3, 'Phường ', 'P.', 'WARD', 'CREATED'),
    (352, 3, 'Phường ', 'P.', 'WARD', 'CREATED'),
    (352, 3, 'Phường ', 'P.', 'WARD', 'CREATED'),
    (352, 3, 'Phường ', 'P.', 'WARD', 'CREATED'),
    (352, 3, 'Phường ', 'P.', 'WARD', 'CREATED'),
    (352, 3, 'Phường ', 'P.', 'WARD', 'CREATED'),
    (352, 3, 'Phường ', 'P.', 'WARD', 'CREATED'),
    (352, 3, 'Phường ', 'P.', 'WARD', 'CREATED'),
    (352, 3, 'Phường ', 'P.', 'WARD', 'CREATED'),
    (352, 3, 'Phường ', 'P.', 'WARD', 'CREATED'),
    /* Q.Lê Chân */
    (353, 3, 'Phường ', 'P.', 'WARD', 'CREATED'),
    (353, 3, 'Phường ', 'P.', 'WARD', 'CREATED'),
    (353, 3, 'Phường ', 'P.', 'WARD', 'CREATED'),
    (353, 3, 'Phường ', 'P.', 'WARD', 'CREATED'),
    (353, 3, 'Phường ', 'P.', 'WARD', 'CREATED'),
    (353, 3, 'Phường ', 'P.', 'WARD', 'CREATED'),
    (353, 3, 'Phường ', 'P.', 'WARD', 'CREATED'),
    (353, 3, 'Phường ', 'P.', 'WARD', 'CREATED'),
    (353, 3, 'Phường ', 'P.', 'WARD', 'CREATED'),
    (353, 3, 'Phường ', 'P.', 'WARD', 'CREATED'),
    (353, 3, 'Phường ', 'P.', 'WARD', 'CREATED'),
    (353, 3, 'Phường ', 'P.', 'WARD', 'CREATED'),
    (353, 3, 'Phường ', 'P.', 'WARD', 'CREATED'),
    (353, 3, 'Phường ', 'P.', 'WARD', 'CREATED'),
    (353, 3, 'Phường ', 'P.', 'WARD', 'CREATED'),
    /* Q.Ngô Quyền */
    (354, 3, 'Phường ', 'P.', 'WARD', 'CREATED'),
    (354, 3, 'Phường ', 'P.', 'WARD', 'CREATED'),
    (354, 3, 'Phường ', 'P.', 'WARD', 'CREATED'),
    (354, 3, 'Phường ', 'P.', 'WARD', 'CREATED'),
    (354, 3, 'Phường ', 'P.', 'WARD', 'CREATED'),
    (354, 3, 'Phường ', 'P.', 'WARD', 'CREATED'),
    (354, 3, 'Phường ', 'P.', 'WARD', 'CREATED'),
    (354, 3, 'Phường ', 'P.', 'WARD', 'CREATED'),
    (354, 3, 'Phường ', 'P.', 'WARD', 'CREATED'),
    (354, 3, 'Phường ', 'P.', 'WARD', 'CREATED'),
    (354, 3, 'Phường ', 'P.', 'WARD', 'CREATED'),
    (354, 3, 'Phường ', 'P.', 'WARD', 'CREATED'),
    /* H.An Dương */
    (355, 3, 'Thị trấn ', 'TT.', 'WARD', 'CREATED'),
    (355, 3, 'Xã ', 'X.', 'WARD', 'CREATED'),
    (355, 3, 'Xã ', 'X.', 'WARD', 'CREATED'),
    (355, 3, 'Xã ', 'X.', 'WARD', 'CREATED'),
    (355, 3, 'Xã ', 'X.', 'WARD', 'CREATED'),
    (355, 3, 'Xã ', 'X.', 'WARD', 'CREATED'),
    (355, 3, 'Xã ', 'X.', 'WARD', 'CREATED'),
    (355, 3, 'Xã ', 'X.', 'WARD', 'CREATED'),
    (355, 3, 'Xã ', 'X.', 'WARD', 'CREATED'),
    (355, 3, 'Xã ', 'X.', 'WARD', 'CREATED'),
    (355, 3, 'Xã ', 'X.', 'WARD', 'CREATED'),
    (355, 3, 'Xã ', 'X.', 'WARD', 'CREATED'),
    (355, 3, 'Xã ', 'X.', 'WARD', 'CREATED'),
    (355, 3, 'Xã ', 'X.', 'WARD', 'CREATED'),
    (355, 3, 'Xã ', 'X.', 'WARD', 'CREATED'),
    (355, 3, 'Xã ', 'X.', 'WARD', 'CREATED'),
    /* H.An Lão */
    (356, 3, 'Thị trấn ', 'TT.', 'WARD', 'CREATED'),
    (356, 3, 'Thị trấn ', 'TT.', 'WARD', 'CREATED'),
    (356, 3, 'Xã ', 'X.', 'WARD', 'CREATED'),
    (356, 3, 'Xã ', 'X.', 'WARD', 'CREATED'),
    (356, 3, 'Xã ', 'X.', 'WARD', 'CREATED'),
    (356, 3, 'Xã ', 'X.', 'WARD', 'CREATED'),
    (356, 3, 'Xã ', 'X.', 'WARD', 'CREATED'),
    (356, 3, 'Xã ', 'X.', 'WARD', 'CREATED'),
    (356, 3, 'Xã ', 'X.', 'WARD', 'CREATED'),
    (356, 3, 'Xã ', 'X.', 'WARD', 'CREATED'),
    (356, 3, 'Xã ', 'X.', 'WARD', 'CREATED'),
    (356, 3, 'Xã ', 'X.', 'WARD', 'CREATED'),
    (356, 3, 'Xã ', 'X.', 'WARD', 'CREATED'),
    (356, 3, 'Xã ', 'X.', 'WARD', 'CREATED'),
    (356, 3, 'Xã ', 'X.', 'WARD', 'CREATED'),
    (356, 3, 'Xã ', 'X.', 'WARD', 'CREATED'),
    (356, 3, 'Xã ', 'X.', 'WARD', 'CREATED'),
    /* H.Bạch Long Vĩ */
    (357, 3, 'Huyện Bạch Long Vĩ', 'H.Bạch Long Vĩ', 'WARD', 'CREATED'),
    /* H.Cát Hải */
    (358, 3, 'Thị trấn ', 'TT.', 'WARD', 'CREATED'),
    (358, 3, 'Thị trấn ', 'TT.', 'WARD', 'CREATED'),
    (358, 3, 'Xã ', 'X.', 'WARD', 'CREATED'),
    (358, 3, 'Xã ', 'X.', 'WARD', 'CREATED'),
    (358, 3, 'Xã ', 'X.', 'WARD', 'CREATED'),
    (358, 3, 'Xã ', 'X.', 'WARD', 'CREATED'),
    (358, 3, 'Xã ', 'X.', 'WARD', 'CREATED'),
    (358, 3, 'Xã ', 'X.', 'WARD', 'CREATED'),
    (358, 3, 'Xã ', 'X.', 'WARD', 'CREATED'),
    (358, 3, 'Xã ', 'X.', 'WARD', 'CREATED'),
    (358, 3, 'Xã ', 'X.', 'WARD', 'CREATED'),
    (358, 3, 'Xã ', 'X.', 'WARD', 'CREATED'),
    /* H.Kiến Thụy */
    (359, 3, 'Thị trấn ', 'TT.', 'WARD', 'CREATED'),
    (359, 3, 'Xã ', 'X.', 'WARD', 'CREATED'),
    (359, 3, 'Xã ', 'X.', 'WARD', 'CREATED'),
    (359, 3, 'Xã ', 'X.', 'WARD', 'CREATED'),
    (359, 3, 'Xã ', 'X.', 'WARD', 'CREATED'),
    (359, 3, 'Xã ', 'X.', 'WARD', 'CREATED'),
    (359, 3, 'Xã ', 'X.', 'WARD', 'CREATED'),
    (359, 3, 'Xã ', 'X.', 'WARD', 'CREATED'),
    (359, 3, 'Xã ', 'X.', 'WARD', 'CREATED'),
    (359, 3, 'Xã ', 'X.', 'WARD', 'CREATED'),
    (359, 3, 'Xã ', 'X.', 'WARD', 'CREATED'),
    (359, 3, 'Xã ', 'X.', 'WARD', 'CREATED'),
    (359, 3, 'Xã ', 'X.', 'WARD', 'CREATED'),
    (359, 3, 'Xã ', 'X.', 'WARD', 'CREATED'),
    (359, 3, 'Xã ', 'X.', 'WARD', 'CREATED'),
    (359, 3, 'Xã ', 'X.', 'WARD', 'CREATED'),
    (359, 3, 'Xã ', 'X.', 'WARD', 'CREATED'),
    (359, 3, 'Xã ', 'X.', 'WARD', 'CREATED'),
    /* H.Thủy Nguyên */
    (360, 3, 'Thị trấn ', 'TT.', 'WARD', 'CREATED'),
    (360, 3, 'Thị trấn ', 'TT.', 'WARD', 'CREATED'),
    (360, 3, 'Xã ', 'X.', 'WARD', 'CREATED'),
    (360, 3, 'Xã ', 'X.', 'WARD', 'CREATED'),
    (360, 3, 'Xã ', 'X.', 'WARD', 'CREATED'),
    (360, 3, 'Xã ', 'X.', 'WARD', 'CREATED'),
    (360, 3, 'Xã ', 'X.', 'WARD', 'CREATED'),
    (360, 3, 'Xã ', 'X.', 'WARD', 'CREATED'),
    (360, 3, 'Xã ', 'X.', 'WARD', 'CREATED'),
    (360, 3, 'Xã ', 'X.', 'WARD', 'CREATED'),
    (360, 3, 'Xã ', 'X.', 'WARD', 'CREATED'),
    (360, 3, 'Xã ', 'X.', 'WARD', 'CREATED'),
    (360, 3, 'Xã ', 'X.', 'WARD', 'CREATED'),
    (360, 3, 'Xã ', 'X.', 'WARD', 'CREATED'),
    (360, 3, 'Xã ', 'X.', 'WARD', 'CREATED'),
    (360, 3, 'Xã ', 'X.', 'WARD', 'CREATED'),
    (360, 3, 'Xã ', 'X.', 'WARD', 'CREATED'),
    (360, 3, 'Xã ', 'X.', 'WARD', 'CREATED'),
    (360, 3, 'Xã ', 'X.', 'WARD', 'CREATED'),
    (360, 3, 'Xã ', 'X.', 'WARD', 'CREATED'),
    (360, 3, 'Xã ', 'X.', 'WARD', 'CREATED'),
    (360, 3, 'Xã ', 'X.', 'WARD', 'CREATED'),
    (360, 3, 'Xã ', 'X.', 'WARD', 'CREATED'),
    (360, 3, 'Xã ', 'X.', 'WARD', 'CREATED'),
    (360, 3, 'Xã ', 'X.', 'WARD', 'CREATED'),
    (360, 3, 'Xã ', 'X.', 'WARD', 'CREATED'),
    (360, 3, 'Xã ', 'X.', 'WARD', 'CREATED'),
    (360, 3, 'Xã ', 'X.', 'WARD', 'CREATED'),
    (360, 3, 'Xã ', 'X.', 'WARD', 'CREATED'),
    (360, 3, 'Xã ', 'X.', 'WARD', 'CREATED'),
    (360, 3, 'Xã ', 'X.', 'WARD', 'CREATED'),
    (360, 3, 'Xã ', 'X.', 'WARD', 'CREATED'),
    (360, 3, 'Xã ', 'X.', 'WARD', 'CREATED'),
    (360, 3, 'Xã ', 'X.', 'WARD', 'CREATED'),
    (360, 3, 'Xã ', 'X.', 'WARD', 'CREATED'),
    (360, 3, 'Xã ', 'X.', 'WARD', 'CREATED'),
    (360, 3, 'Xã ', 'X.', 'WARD', 'CREATED'),
    /* H.Tiên Lãng */
    (361, 3, 'Thị trấn ', 'TT.', 'WARD', 'CREATED'),
    (361, 3, 'Xã ', 'X.', 'WARD', 'CREATED'),
    (361, 3, 'Xã ', 'X.', 'WARD', 'CREATED'),
    (361, 3, 'Xã ', 'X.', 'WARD', 'CREATED'),
    (361, 3, 'Xã ', 'X.', 'WARD', 'CREATED'),
    (361, 3, 'Xã ', 'X.', 'WARD', 'CREATED'),
    (361, 3, 'Xã ', 'X.', 'WARD', 'CREATED'),
    (361, 3, 'Xã ', 'X.', 'WARD', 'CREATED'),
    (361, 3, 'Xã ', 'X.', 'WARD', 'CREATED'),
    (361, 3, 'Xã ', 'X.', 'WARD', 'CREATED'),
    (361, 3, 'Xã ', 'X.', 'WARD', 'CREATED'),
    (361, 3, 'Xã ', 'X.', 'WARD', 'CREATED'),
    (361, 3, 'Xã ', 'X.', 'WARD', 'CREATED'),
    (361, 3, 'Xã ', 'X.', 'WARD', 'CREATED'),
    (361, 3, 'Xã ', 'X.', 'WARD', 'CREATED'),
    (361, 3, 'Xã ', 'X.', 'WARD', 'CREATED'),
    (361, 3, 'Xã ', 'X.', 'WARD', 'CREATED'),
    (361, 3, 'Xã ', 'X.', 'WARD', 'CREATED'),
    (361, 3, 'Xã ', 'X.', 'WARD', 'CREATED'),
    (361, 3, 'Xã ', 'X.', 'WARD', 'CREATED'),
    (361, 3, 'Xã ', 'X.', 'WARD', 'CREATED'),
    /* H.Vĩnh Bảo */
    (362, 3, 'Thị trấn ', 'TT.', 'WARD', 'CREATED'),
    (362, 3, 'Xã ', 'X.', 'WARD', 'CREATED'),
    (362, 3, 'Xã ', 'X.', 'WARD', 'CREATED'),
    (362, 3, 'Xã ', 'X.', 'WARD', 'CREATED'),
    (362, 3, 'Xã ', 'X.', 'WARD', 'CREATED'),
    (362, 3, 'Xã ', 'X.', 'WARD', 'CREATED'),
    (362, 3, 'Xã ', 'X.', 'WARD', 'CREATED'),
    (362, 3, 'Xã ', 'X.', 'WARD', 'CREATED'),
    (362, 3, 'Xã ', 'X.', 'WARD', 'CREATED'),
    (362, 3, 'Xã ', 'X.', 'WARD', 'CREATED'),
    (362, 3, 'Xã ', 'X.', 'WARD', 'CREATED'),
    (362, 3, 'Xã ', 'X.', 'WARD', 'CREATED'),
    (362, 3, 'Xã ', 'X.', 'WARD', 'CREATED'),
    (362, 3, 'Xã ', 'X.', 'WARD', 'CREATED'),
    (362, 3, 'Xã ', 'X.', 'WARD', 'CREATED'),
    (362, 3, 'Xã ', 'X.', 'WARD', 'CREATED'),
    (362, 3, 'Xã ', 'X.', 'WARD', 'CREATED'),
    (362, 3, 'Xã ', 'X.', 'WARD', 'CREATED'),
    (362, 3, 'Xã ', 'X.', 'WARD', 'CREATED'),
    (362, 3, 'Xã ', 'X.', 'WARD', 'CREATED'),
    (362, 3, 'Xã ', 'X.', 'WARD', 'CREATED'),
    (362, 3, 'Xã ', 'X.', 'WARD', 'CREATED'),
    (362, 3, 'Xã ', 'X.', 'WARD', 'CREATED'),
    (362, 3, 'Xã ', 'X.', 'WARD', 'CREATED'),
    (362, 3, 'Xã ', 'X.', 'WARD', 'CREATED'),
    (362, 3, 'Xã ', 'X.', 'WARD', 'CREATED'),
    (362, 3, 'Xã ', 'X.', 'WARD', 'CREATED'),
    (362, 3, 'Xã ', 'X.', 'WARD', 'CREATED'),
    (362, 3, 'Xã ', 'X.', 'WARD', 'CREATED'),
    (362, 3, 'Xã ', 'X.', 'WARD', 'CREATED'),

    /* Thành phố Hồ Chí Minh */
    /* Q.1 */
    (703, 3, 'Phường Bến Nghé', 'P.Bến Nghé', 'WARD', 'CREATED'),
    (703, 3, 'Phường Bến Thành', 'P.Bến Thành', 'WARD', 'CREATED'),
    (703, 3, 'Phường Cô Giang', 'P.Cô Giang', 'WARD', 'CREATED'),
    (703, 3, 'Phường Cầu Kho', 'P.Cầu Kho', 'WARD', 'CREATED'),
    (703, 3, 'Phường Cầu Ông Lãnh', 'P.Cầu Ông Lãnh', 'WARD', 'CREATED'),
    (703, 3, 'Phường Nguyễn Cư Trinh', 'P.Nguyễn Cư Trinh', 'WARD', 'CREATED'),
    (703, 3, 'Phường Nguyễn Thái Bình', 'P.Nguyễn Thái Bình', 'WARD', 'CREATED'),
    (703, 3, 'Phường Phạm Ngũ Lão', 'P.Phạm Ngũ Lão', 'WARD', 'CREATED'),
    (703, 3, 'Phường Tân Định', 'P.Tân Định', 'WARD', 'CREATED'),
    (703, 3, 'Phường Đa Kao', 'P.Đa Kao', 'WARD', 'CREATED'),
    /* Q.3 */
    (704, 3, 'Phường 1', 'P.1', 'WARD', 'CREATED'),
    (704, 3, 'Phường 2', 'P.2', 'WARD', 'CREATED'),
    (704, 3, 'Phường 3', 'P.3', 'WARD', 'CREATED'),
    (704, 3, 'Phường 4', 'P.4', 'WARD', 'CREATED'),
    (704, 3, 'Phường 5', 'P.5', 'WARD', 'CREATED'),
    (704, 3, 'Phường 9', 'P.9', 'WARD', 'CREATED'),
    (704, 3, 'Phường 10', 'P.10', 'WARD', 'CREATED'),
    (704, 3, 'Phường 11', 'P.11', 'WARD', 'CREATED'),
    (704, 3, 'Phường 12', 'P.12', 'WARD', 'CREATED'),
    (704, 3, 'Phường 13', 'P.13', 'WARD', 'CREATED'),
    (704, 3, 'Phường 14', 'P.14', 'WARD', 'CREATED'),
    (704, 3, 'Phường Võ Thị Sáu.', 'P.Võ Thị Sáu.', 'WARD', 'CREATED'),
    /* Q.4 */
    (705, 3, 'Phường 1', 'P.1', 'WARD', 'CREATED'),
    (705, 3, 'Phường 2', 'P.2', 'WARD', 'CREATED'),
    (705, 3, 'Phường 3', 'P.3', 'WARD', 'CREATED'),
    (705, 3, 'Phường 4', 'P.4', 'WARD', 'CREATED'),
    (705, 3, 'Phường 6', 'P.6', 'WARD', 'CREATED'),
    (705, 3, 'Phường 8', 'P.8', 'WARD', 'CREATED'),
    (705, 3, 'Phường 9', 'P.9', 'WARD', 'CREATED'),
    (705, 3, 'Phường 10', 'P.10', 'WARD', 'CREATED'),
    (705, 3, 'Phường 13', 'P.13', 'WARD', 'CREATED'),
    (705, 3, 'Phường 14', 'P.14', 'WARD', 'CREATED'),
    (705, 3, 'Phường 15', 'P.15', 'WARD', 'CREATED'),
    (705, 3, 'Phường 16', 'P.16', 'WARD', 'CREATED'),
    (705, 3, 'Phường 18', 'P.18', 'WARD', 'CREATED'),
    /* Q.5 */
    (706, 3, 'Phường 1', 'P.1', 'WARD', 'CREATED'),
    (706, 3, 'Phường 2', 'P.2', 'WARD', 'CREATED'),
    (706, 3, 'Phường 3', 'P.3', 'WARD', 'CREATED'),
    (706, 3, 'Phường 4', 'P.4', 'WARD', 'CREATED'),
    (706, 3, 'Phường 5', 'P.5', 'WARD', 'CREATED'),
    (706, 3, 'Phường 6', 'P.6', 'WARD', 'CREATED'),
    (706, 3, 'Phường 7', 'P.7', 'WARD', 'CREATED'),
    (706, 3, 'Phường 8', 'P.8', 'WARD', 'CREATED'),
    (706, 3, 'Phường 9', 'P.9', 'WARD', 'CREATED'),
    (706, 3, 'Phường 10', 'P.10', 'WARD', 'CREATED'),
    (706, 3, 'Phường 11', 'P.11', 'WARD', 'CREATED'),
    (706, 3, 'Phường 12', 'P.12', 'WARD', 'CREATED'),
    (706, 3, 'Phường 13', 'P.13', 'WARD', 'CREATED'),
    (706, 3, 'Phường 14', 'P.14', 'WARD', 'CREATED'),
    /* Q.6 */
    (707, 3, 'Phường 1', 'P.1', 'WARD', 'CREATED'),
    (707, 3, 'Phường 2', 'P.2', 'WARD', 'CREATED'),
    (707, 3, 'Phường 3', 'P.3', 'WARD', 'CREATED'),
    (707, 3, 'Phường 4', 'P.4', 'WARD', 'CREATED'),
    (707, 3, 'Phường 5', 'P.5', 'WARD', 'CREATED'),
    (707, 3, 'Phường 6', 'P.6', 'WARD', 'CREATED'),
    (707, 3, 'Phường 7', 'P.7', 'WARD', 'CREATED'),
    (707, 3, 'Phường 8', 'P.8', 'WARD', 'CREATED'),
    (707, 3, 'Phường 9', 'P.9', 'WARD', 'CREATED'),
    (707, 3, 'Phường 10', 'P.10', 'WARD', 'CREATED'),
    (707, 3, 'Phường 11', 'P.11', 'WARD', 'CREATED'),
    (707, 3, 'Phường 12', 'P.12', 'WARD', 'CREATED'),
    (707, 3, 'Phường 13', 'P.13', 'WARD', 'CREATED'),
    (707, 3, 'Phường 14', 'P.14', 'WARD', 'CREATED'),
    /* Q.7 */
    (708, 3, 'Phường Bình Thuận', 'P.Bình Thuận', 'WARD', 'CREATED'),
    (708, 3, 'Phường Phú Mỹ', 'P.Phú Mỹ', 'WARD', 'CREATED'),
    (708, 3, 'Phường Phú Thuận', 'P.Phú Thuận', 'WARD', 'CREATED'),
    (708, 3, 'Phường Tân Hưng', 'P.Tân Hưng', 'WARD', 'CREATED'),
    (708, 3, 'Phường Tân Kiểng', 'P.Tân Kiểng', 'WARD', 'CREATED'),
    (708, 3, 'Phường Tân Phong', 'P.Tân Phong', 'WARD', 'CREATED'),
    (708, 3, 'Phường Tân Phú', 'P.Tân Phú', 'WARD', 'CREATED'),
    (708, 3, 'Phường Tân Quy', 'P.Tân Quy', 'WARD', 'CREATED'),
    (708, 3, 'Phường Tân Thuận Đông', 'P.Tân Thuận Đông', 'WARD', 'CREATED'),
    (708, 3, 'Phường Tân Thuận Tây', 'P.Tân Thuận Tây', 'WARD', 'CREATED'),
    /* Q.8 */
    (709, 3, 'Phường 1', 'P.1', 'WARD', 'CREATED'),
    (709, 3, 'Phường 2', 'P.2', 'WARD', 'CREATED'),
    (709, 3, 'Phường 3', 'P.3', 'WARD', 'CREATED'),
    (709, 3, 'Phường 4', 'P.4', 'WARD', 'CREATED'),
    (709, 3, 'Phường 5', 'P.5', 'WARD', 'CREATED'),
    (709, 3, 'Phường 6', 'P.6', 'WARD', 'CREATED'),
    (709, 3, 'Phường 7', 'P.7', 'WARD', 'CREATED'),
    (709, 3, 'Phường 8', 'P.8', 'WARD', 'CREATED'),
    (709, 3, 'Phường 9', 'P.9', 'WARD', 'CREATED'),
    (709, 3, 'Phường 10', 'P.10', 'WARD', 'CREATED'),
    (709, 3, 'Phường 11', 'P.11', 'WARD', 'CREATED'),
    (709, 3, 'Phường 12', 'P.12', 'WARD', 'CREATED'),
    (709, 3, 'Phường 13', 'P.13', 'WARD', 'CREATED'),
    (709, 3, 'Phường 14', 'P.14', 'WARD', 'CREATED'),
    (709, 3, 'Phường 15', 'P.15', 'WARD', 'CREATED'),
    (709, 3, 'Phường 16', 'P.16', 'WARD', 'CREATED'),
    /* Q.10 */
    (710, 3, 'Phường 1', 'P.1', 'WARD', 'CREATED'),
    (710, 3, 'Phường 2', 'P.2', 'WARD', 'CREATED'),
    (710, 3, 'Phường 4', 'P.4', 'WARD', 'CREATED'),
    (710, 3, 'Phường 5', 'P.5', 'WARD', 'CREATED'),
    (710, 3, 'Phường 6', 'P.6', 'WARD', 'CREATED'),
    (710, 3, 'Phường 7', 'P.7', 'WARD', 'CREATED'),
    (710, 3, 'Phường 8', 'P.8', 'WARD', 'CREATED'),
    (710, 3, 'Phường 9', 'P.9', 'WARD', 'CREATED'),
    (710, 3, 'Phường 10', 'P.10', 'WARD', 'CREATED'),
    (710, 3, 'Phường 11', 'P.11', 'WARD', 'CREATED'),
    (710, 3, 'Phường 12', 'P.12', 'WARD', 'CREATED'),
    (710, 3, 'Phường 13', 'P.13', 'WARD', 'CREATED'),
    (710, 3, 'Phường 14', 'P.14', 'WARD', 'CREATED'),
    (710, 3, 'Phường 15', 'P.15', 'WARD', 'CREATED'),
    /* Q.11 */
    (711, 3, 'Phường 1', 'P.1', 'WARD', 'CREATED'),
    (711, 3, 'Phường 2', 'P.2', 'WARD', 'CREATED'),
    (711, 3, 'Phường 3', 'P.3', 'WARD', 'CREATED'),
    (711, 3, 'Phường 4', 'P.4', 'WARD', 'CREATED'),
    (711, 3, 'Phường 5', 'P.5', 'WARD', 'CREATED'),
    (711, 3, 'Phường 6', 'P.6', 'WARD', 'CREATED'),
    (711, 3, 'Phường 7', 'P.7', 'WARD', 'CREATED'),
    (711, 3, 'Phường 8', 'P.8', 'WARD', 'CREATED'),
    (711, 3, 'Phường 9', 'P.9', 'WARD', 'CREATED'),
    (711, 3, 'Phường 10', 'P.10', 'WARD', 'CREATED'),
    (711, 3, 'Phường 11', 'P.11', 'WARD', 'CREATED'),
    (711, 3, 'Phường 12', 'P.12', 'WARD', 'CREATED'),
    (711, 3, 'Phường 13', 'P.13', 'WARD', 'CREATED'),
    (711, 3, 'Phường 14', 'P.14', 'WARD', 'CREATED'),
    (711, 3, 'Phường 15', 'P.15', 'WARD', 'CREATED'),
    (711, 3, 'Phường 16', 'P.16', 'WARD', 'CREATED'),
    /* Q.12 */
    (712, 3, 'Phường An Phú Đông', 'P.An Phú Đông', 'WARD', 'CREATED'),
    (712, 3, 'Phường Đông Hưng Thuận', 'P.Đông Hưng Thuận', 'WARD', 'CREATED'),
    (712, 3, 'Phường Hiệp Thành', 'P.Hiệp Thành', 'WARD', 'CREATED'),
    (712, 3, 'Phường Tân Chánh Hiệp', 'P.Tân Chánh Hiệp', 'WARD', 'CREATED'),
    (712, 3, 'Phường Tân Hưng Thuận', 'P.Tân Hưng Thuận', 'WARD', 'CREATED'),
    (712, 3, 'Phường Tân Thới Hiệp', 'P.Tân Thới Hiệp', 'WARD', 'CREATED'),
    (712, 3, 'Phường Tân Thới Nhất', 'P.Tân Thới Nhất', 'WARD', 'CREATED'),
    (712, 3, 'Phường Thạnh Lộc', 'P.Thạnh Lộc', 'WARD', 'CREATED'),
    (712, 3, 'Phường Thạnh Xuân', 'P.Thạnh Xuân', 'WARD', 'CREATED'),
    (712, 3, 'Phường Thới An', 'P.Thới An', 'WARD', 'CREATED'),
    (712, 3, 'Phường Trung Mỹ Tây', 'P.Trung Mỹ Tây', 'WARD', 'CREATED'),
    /* Q.Bình Tân */
    (713, 3, 'Phường An Lạc', 'P.An Lạc', 'WARD', 'CREATED'),
    (713, 3, 'Phường An Lạc A', 'P.An Lạc A', 'WARD', 'CREATED'),
    (713, 3, 'Phường Bình Hưng Hòa', 'P.Bình Hưng Hòa', 'WARD', 'CREATED'),
    (713, 3, 'Phường Bình Hưng Hòa A', 'P.Bình Hưng Hòa A', 'WARD', 'CREATED'),
    (713, 3, 'Phường Bình Hưng Hòa B', 'P.Bình Hưng Hòa B', 'WARD', 'CREATED'),
    (713, 3, 'Phường Bình Trị Đông', 'P.Bình Trị Đông', 'WARD', 'CREATED'),
    (713, 3, 'Phường Bình Trị Đông A', 'P.Bình Trị Đông A', 'WARD', 'CREATED'),
    (713, 3, 'Phường Bình Trị Đông B', 'P.Bình Trị Đông B', 'WARD', 'CREATED'),
    (713, 3, 'Phường Tân Tạo', 'P.Tân Tạo', 'WARD', 'CREATED'),
    (713, 3, 'Phường Tân Tạo A', 'P.Tân Tạo A', 'WARD', 'CREATED'),
    /* Q.Bình Thạnh */
    (714, 3, 'Phường 1', 'P.1', 'WARD', 'CREATED'),
    (714, 3, 'Phường 2', 'P.2', 'WARD', 'CREATED'),
    (714, 3, 'Phường 3', 'P.3', 'WARD', 'CREATED'),
    (714, 3, 'Phường 5', 'P.5', 'WARD', 'CREATED'),
    (714, 3, 'Phường 6', 'P.6', 'WARD', 'CREATED'),
    (714, 3, 'Phường 7', 'P.7', 'WARD', 'CREATED'),
    (714, 3, 'Phường 11', 'P.11', 'WARD', 'CREATED'),
    (714, 3, 'Phường 12', 'P.12', 'WARD', 'CREATED'),
    (714, 3, 'Phường 13', 'P.13', 'WARD', 'CREATED'),
    (714, 3, 'Phường 14', 'P.14', 'WARD', 'CREATED'),
    (714, 3, 'Phường 15', 'P.15', 'WARD', 'CREATED'),
    (714, 3, 'Phường 17', 'P.17', 'WARD', 'CREATED'),
    (714, 3, 'Phường 19', 'P.19', 'WARD', 'CREATED'),
    (714, 3, 'Phường 21', 'P.21', 'WARD', 'CREATED'),
    (714, 3, 'Phường 22', 'P.22', 'WARD', 'CREATED'),
    (714, 3, 'Phường 24', 'P.24', 'WARD', 'CREATED'),
    (714, 3, 'Phường 25', 'P.25', 'WARD', 'CREATED'),
    (714, 3, 'Phường 26', 'P.26', 'WARD', 'CREATED'),
    (714, 3, 'Phường 27', 'P.27', 'WARD', 'CREATED'),
    (714, 3, 'Phường 28', 'P.28', 'WARD', 'CREATED'),
    /* Q.Gò Vấp */
    (715, 3, 'Phường 1', 'P.1', 'WARD', 'CREATED'),
    (715, 3, 'Phường 3', 'P.3', 'WARD', 'CREATED'),
    (715, 3, 'Phường 4', 'P.4', 'WARD', 'CREATED'),
    (715, 3, 'Phường 5', 'P.5', 'WARD', 'CREATED'),
    (715, 3, 'Phường 6', 'P.6', 'WARD', 'CREATED'),
    (715, 3, 'Phường 7', 'P.7', 'WARD', 'CREATED'),
    (715, 3, 'Phường 8', 'P.8', 'WARD', 'CREATED'),
    (715, 3, 'Phường 9', 'P.9', 'WARD', 'CREATED'),
    (715, 3, 'Phường 10', 'P.10', 'WARD', 'CREATED'),
    (715, 3, 'Phường 11', 'P.11', 'WARD', 'CREATED'),
    (715, 3, 'Phường 12', 'P.12', 'WARD', 'CREATED'),
    (715, 3, 'Phường 13', 'P.13', 'WARD', 'CREATED'),
    (715, 3, 'Phường 14', 'P.14', 'WARD', 'CREATED'),
    (715, 3, 'Phường 15', 'P.15', 'WARD', 'CREATED'),
    (715, 3, 'Phường 16', 'P.16', 'WARD', 'CREATED'),
    (715, 3, 'Phường 17', 'P.17', 'WARD', 'CREATED'),
    /* Q.Phú Nhuận */
    (716, 3, 'Phường 1', 'P.1', 'WARD', 'CREATED'),
    (716, 3, 'Phường 2', 'P.2', 'WARD', 'CREATED'),
    (716, 3, 'Phường 3', 'P.3', 'WARD', 'CREATED'),
    (716, 3, 'Phường 4', 'P.4', 'WARD', 'CREATED'),
    (716, 3, 'Phường 5', 'P.5', 'WARD', 'CREATED'),
    (716, 3, 'Phường 7', 'P.7', 'WARD', 'CREATED'),
    (716, 3, 'Phường 8', 'P.8', 'WARD', 'CREATED'),
    (716, 3, 'Phường 9', 'P.9', 'WARD', 'CREATED'),
    (716, 3, 'Phường 10', 'P.10', 'WARD', 'CREATED'),
    (716, 3, 'Phường 11', 'P.11', 'WARD', 'CREATED'),
    (716, 3, 'Phường 13', 'P.13', 'WARD', 'CREATED'),
    (716, 3, 'Phường 15', 'P.15', 'WARD', 'CREATED'),
    (716, 3, 'Phường 17', 'P.17', 'WARD', 'CREATED'),
    /* Q.Tân Bình */
    (717, 3, 'Phường 1', 'P.1', 'WARD', 'CREATED'),
    (717, 3, 'Phường 2', 'P.2', 'WARD', 'CREATED'),
    (717, 3, 'Phường 3', 'P.3', 'WARD', 'CREATED'),
    (717, 3, 'Phường 4', 'P.4', 'WARD', 'CREATED'),
    (717, 3, 'Phường 5', 'P.5', 'WARD', 'CREATED'),
    (717, 3, 'Phường 6', 'P.6', 'WARD', 'CREATED'),
    (717, 3, 'Phường 7', 'P.7', 'WARD', 'CREATED'),
    (717, 3, 'Phường 8', 'P.8', 'WARD', 'CREATED'),
    (717, 3, 'Phường 9', 'P.9', 'WARD', 'CREATED'),
    (717, 3, 'Phường 10', 'P.10', 'WARD', 'CREATED'),
    (717, 3, 'Phường 11', 'P.11', 'WARD', 'CREATED'),
    (717, 3, 'Phường 12', 'P.12', 'WARD', 'CREATED'),
    (717, 3, 'Phường 13', 'P.13', 'WARD', 'CREATED'),
    (717, 3, 'Phường 14', 'P.14', 'WARD', 'CREATED'),
    (717, 3, 'Phường 15', 'P.15', 'WARD', 'CREATED'),
    /* Q.Tân Phú */
    (718, 3, 'Phường Hiệp Tân', 'P.Hiệp Tân', 'WARD', 'CREATED'),
    (718, 3, 'Phường Hòa Thạnh', 'P.Hòa Thạnh', 'WARD', 'CREATED'),
    (718, 3, 'Phường Phú Thạnh', 'P.Phú Thạnh', 'WARD', 'CREATED'),
    (718, 3, 'Phường Phú Thọ Hòa', 'P.Phú Thọ Hòa', 'WARD', 'CREATED'),
    (718, 3, 'Phường Phú Trung', 'P.Phú Trung', 'WARD', 'CREATED'),
    (718, 3, 'Phường Sơn Kỳ', 'P.Sơn Kỳ', 'WARD', 'CREATED'),
    (718, 3, 'Phường Tân Quý', 'P.Tân Quý', 'WARD', 'CREATED'),
    (718, 3, 'Phường Tân Sơn Nhì', 'P.Tân Sơn Nhì', 'WARD', 'CREATED'),
    (718, 3, 'Phường Tân Thành', 'P.Tân Thành', 'WARD', 'CREATED'),
    (718, 3, 'Phường Tân Thới Hòa', 'P.Tân Thới Hòa', 'WARD', 'CREATED'),
    (718, 3, 'Phường Tây Thạnh', 'P.Tây Thạnh', 'WARD', 'CREATED'),
    /* TP.Thủ Đức */
    (719, 3, 'Phường An Khánh', 'P.An Khánh', 'WARD', 'CREATED'),
    (719, 3, 'Phường An Lợi Đông', 'P.An Lợi Đông', 'WARD', 'CREATED'),
    (719, 3, 'Phường An Phú', 'P.An Phú', 'WARD', 'CREATED'),
    (719, 3, 'Phường Bình Chiểu', 'P.Bình Chiểu', 'WARD', 'CREATED'),
    (719, 3, 'Phường Bình Thọ', 'P.Bình Thọ', 'WARD', 'CREATED'),
    (719, 3, 'Phường Bình Trưng Đông', 'P.Bình Trưng Đông', 'WARD', 'CREATED'),
    (719, 3, 'Phường Bình Trưng Tây', 'P.Bình Trưng Tây', 'WARD', 'CREATED'),
    (719, 3, 'Phường Cát Lái', 'P.Cát Lái', 'WARD', 'CREATED'),
    (719, 3, 'Phường Hiệp Bình Chánh', 'P.Hiệp Bình Chánh', 'WARD', 'CREATED'),
    (719, 3, 'Phường Hiệp Bình Phước', 'P.Hiệp Bình Phước', 'WARD', 'CREATED'),
    (719, 3, 'Phường Hiệp Phú', 'P.Hiệp Phú', 'WARD', 'CREATED'),
    (719, 3, 'Phường Linh Chiểu', 'P.Linh Chiểu', 'WARD', 'CREATED'),
    (719, 3, 'Phường Linh Đông', 'P.Linh Đông', 'WARD', 'CREATED'),
    (719, 3, 'Phường Linh Tây', 'P.Linh Tây', 'WARD', 'CREATED'),
    (719, 3, 'Phường Linh Trung', 'P.Linh Trung', 'WARD', 'CREATED'),
    (719, 3, 'Phường Linh Xuân', 'P.Linh Xuân', 'WARD', 'CREATED'),
    (719, 3, 'Phường Long Bình', 'P.Long Bình', 'WARD', 'CREATED'),
    (719, 3, 'Phường Long Phước', 'P.Long Phước', 'WARD', 'CREATED'),
    (719, 3, 'Phường Long Thạnh Mỹ', 'P.', 'WARD', 'CREATED'),
    (719, 3, 'Phường Long Trường', 'P.Long Trường', 'WARD', 'CREATED'),
    (719, 3, 'Phường Phú Hữu', 'P.Phường Phú Hữu', 'WARD', 'CREATED'),
    (719, 3, 'Phường Phước Bình', 'P.Phước Bình', 'WARD', 'CREATED'),
    (719, 3, 'Phường Phước Long A', 'P.Phước Long A', 'WARD', 'CREATED'),
    (719, 3, 'Phường Phước Long B', 'P.Phước Long B', 'WARD', 'CREATED'),
    (719, 3, 'Phường Tam Bình', 'P.Tam Bình', 'WARD', 'CREATED'),
    (719, 3, 'Phường Tam Phú', 'P.Tam Phú', 'WARD', 'CREATED'),
    (719, 3, 'Phường Tân Phú', 'P.Tân Phú', 'WARD', 'CREATED'),
    (719, 3, 'Phường Tăng Nhơn Phú A', 'P.Tăng Nhơn Phú A', 'WARD', 'CREATED'),
    (719, 3, 'Phường Tăng Nhơn Phú B', 'P.Tăng Nhơn Phú B', 'WARD', 'CREATED'),
    (719, 3, 'Phường Thạnh Mỹ Lợi', 'P.Thạnh Mỹ Lợi', 'WARD', 'CREATED'),
    (719, 3, 'Phường Thảo Điền', 'P.Thảo Điền', 'WARD', 'CREATED'),
    (719, 3, 'Phường Thủ Thiêm', 'P.Thủ Thiêm', 'WARD', 'CREATED'),
    (719, 3, 'Phường Trường Thạnh', 'P.Trường Thạnh', 'WARD', 'CREATED'),
    (719, 3, 'Phường Trường Thọ', 'P.Trường Thọ', 'WARD', 'CREATED'),
    /* H.Bình Chánh */
    (720, 3, 'Thị trấn ', 'TT.', 'WARD', 'DELETED'),
    (720, 3, 'Xã ', 'X.', 'WARD', 'DELETED'),
    (720, 3, 'Xã ', 'X.', 'WARD', 'DELETED'),
    (720, 3, 'Xã ', 'X.', 'WARD', 'DELETED'),
    (720, 3, 'Xã ', 'X.', 'WARD', 'DELETED'),
    (720, 3, 'Xã ', 'X.', 'WARD', 'DELETED'),
    (720, 3, 'Xã ', 'X.', 'WARD', 'DELETED'),
    (720, 3, 'Xã ', 'X.', 'WARD', 'DELETED'),
    (720, 3, 'Xã ', 'X.', 'WARD', 'DELETED'),
    (720, 3, 'Xã ', 'X.', 'WARD', 'DELETED'),
    (720, 3, 'Xã ', 'X.', 'WARD', 'DELETED'),
    (720, 3, 'Xã ', 'X.', 'WARD', 'DELETED'),
    (720, 3, 'Xã ', 'X.', 'WARD', 'DELETED'),
    (720, 3, 'Xã ', 'X.', 'WARD', 'DELETED'),
    (720, 3, 'Xã ', 'X.', 'WARD', 'DELETED'),
    (720, 3, 'Xã ', 'X.', 'WARD', 'DELETED'),
    /* H.Cần Giờ */
    (721, 3, 'Thị trấn ', 'TT.', 'WARD', 'DELETED'),
    (721, 3, 'Xã ', 'X.', 'WARD', 'DELETED'),
    (721, 3, 'Xã ', 'X.', 'WARD', 'DELETED'),
    (721, 3, 'Xã ', 'X.', 'WARD', 'DELETED'),
    (721, 3, 'Xã ', 'X.', 'WARD', 'DELETED'),
    (721, 3, 'Xã ', 'X.', 'WARD', 'DELETED'),
    (721, 3, 'Xã ', 'X.', 'WARD', 'DELETED'),
    /* H.Củ Chi */
    (722, 3, 'Thị trấn ', 'TT.', 'WARD', 'DELETED'),
    (722, 3, 'Xã ', 'X.', 'WARD', 'DELETED'),
    (722, 3, 'Xã ', 'X.', 'WARD', 'DELETED'),
    (722, 3, 'Xã ', 'X.', 'WARD', 'DELETED'),
    (722, 3, 'Xã ', 'X.', 'WARD', 'DELETED'),
    (722, 3, 'Xã ', 'X.', 'WARD', 'DELETED'),
    (722, 3, 'Xã ', 'X.', 'WARD', 'DELETED'),
    (722, 3, 'Xã ', 'X.', 'WARD', 'DELETED'),
    (722, 3, 'Xã ', 'X.', 'WARD', 'DELETED'),
    (722, 3, 'Xã ', 'X.', 'WARD', 'DELETED'),
    (722, 3, 'Xã ', 'X.', 'WARD', 'DELETED'),
    (722, 3, 'Xã ', 'X.', 'WARD', 'DELETED'),
    (722, 3, 'Xã ', 'X.', 'WARD', 'DELETED'),
    (722, 3, 'Xã ', 'X.', 'WARD', 'DELETED'),
    (722, 3, 'Xã ', 'X.', 'WARD', 'DELETED'),
    (722, 3, 'Xã ', 'X.', 'WARD', 'DELETED'),
    (722, 3, 'Xã ', 'X.', 'WARD', 'DELETED'),
    (722, 3, 'Xã ', 'X.', 'WARD', 'DELETED'),
    (722, 3, 'Xã ', 'X.', 'WARD', 'DELETED'),
    (722, 3, 'Xã ', 'X.', 'WARD', 'DELETED'),
    (722, 3, 'Xã ', 'X.', 'WARD', 'DELETED'),
    /* H.Hóc Môn */
    (723, 3, 'Thị trấn ', 'TT.', 'WARD', 'DELETED'),
    (723, 3, 'Xã ', 'X.', 'WARD', 'DELETED'),
    (723, 3, 'Xã ', 'X.', 'WARD', 'DELETED'),
    (723, 3, 'Xã ', 'X.', 'WARD', 'DELETED'),
    (723, 3, 'Xã ', 'X.', 'WARD', 'DELETED'),
    (723, 3, 'Xã ', 'X.', 'WARD', 'DELETED'),
    (723, 3, 'Xã ', 'X.', 'WARD', 'DELETED'),
    (723, 3, 'Xã ', 'X.', 'WARD', 'DELETED'),
    (723, 3, 'Xã ', 'X.', 'WARD', 'DELETED'),
    (723, 3, 'Xã ', 'X.', 'WARD', 'DELETED'),
    (723, 3, 'Xã ', 'X.', 'WARD', 'DELETED'),
    (723, 3, 'Xã ', 'X.', 'WARD', 'DELETED'),
    /* H.Nhà Bè */
    (724, 3, 'Thị trấn ', 'TT.', 'WARD', 'DELETED'),
    (724, 3, 'Xã ', 'X.', 'WARD', 'DELETED'),
    (724, 3, 'Xã ', 'X.', 'WARD', 'DELETED'),
    (724, 3, 'Xã ', 'X.', 'WARD', 'DELETED'),
    (724, 3, 'Xã ', 'X.', 'WARD', 'DELETED'),
    (724, 3, 'Xã ', 'X.', 'WARD', 'DELETED'),
    (724, 3, 'Xã ', 'X.', 'WARD', 'DELETED');

insert into address(addressNo, street, unitId, addressString, status)
values ('190ABC', 'Đội Cấn',     911, '190ABC Đội Cấn, P.Đội Cấn, Q.Ba Đình, TP.Hà Nội, VN',      'CREATED'),
       ('4DEF',   'Ngọc Hà',     915, '4DEF Ngọc Hà, P.Ngọc Hà, Q.Ba Đình, TP.Hà Nộ, HN, VN',     'CREATED'),

       ('337GHI', 'Cầu Giấy',    936, '337GHI Cầu Giấy, P.Dịch Vọng, Q.Cầu Giấy, TP.Hà Nội, VN',  'CREATED'),
       ('31JKL',  'Hồ Tùng Mậu', 938, '31JKL Hồ Tùng Mậu, P.Mai Dịch, Q.Cầu Giấy, TP.Hà Nội, VN', 'CREATED');

insert into role(roleName, roleDesc, status)
values ('Student', 'Student', 'CREATED'),
       ('Parent',  'Parent',  'CREATED'),
       ('Teacher', 'Teacher', 'CREATED'),
       ('Admin',   'Admin',   'CREATED'),
       ('Staff',   'Staff',   'CREATED');

insert into user(username, password, roleId, userAvatar, fullName, gender, email, addressId, parentId, status)
values ('student',         '$2a$10$2muXk6hqYaoTLnXWCszDaeDE71FGa2hJkh3QPaGKJLRJ77bm6GFJW', 1, null, 'Test Student',
        'OTHER', 'test.student@gmail.com',  null, null, 'CREATED'),
       ('parent',          '$2a$10$2muXk6hqYaoTLnXWCszDaeDE71FGa2hJkh3QPaGKJLRJ77bm6GFJW', 2, null, 'Test Parent',
        'OTHER', 'test.parent@gmail.com',   null, null, 'CREATED'),
       ('teacher',         '$2a$10$2muXk6hqYaoTLnXWCszDaeDE71FGa2hJkh3QPaGKJLRJ77bm6GFJW', 3, null, 'Test Teacher',
        'OTHER', 'test.teacher@gmail.com',  null, null, 'CREATED'),
       ('admin',           '$2a$10$2muXk6hqYaoTLnXWCszDaeDE71FGa2hJkh3QPaGKJLRJ77bm6GFJW', 4, null, 'Test Admin',
        'OTHER', 'test.admin@gmail.com',    null, null, 'CREATED'),
       ('staff',           '$2a$10$2muXk6hqYaoTLnXWCszDaeDE71FGa2hJkh3QPaGKJLRJ77bm6GFJW', 5, null, 'Test Staff',
        'OTHER', 'test.staff@gmail.com',    null, null, 'CREATED'),
       ('teacher2',        '$2a$10$2muXk6hqYaoTLnXWCszDaeDE71FGa2hJkh3QPaGKJLRJ77bm6GFJW', 3, null, 'Test Teacher2',
        'OTHER', 'test.teacher2@gmail.com', null, null, 'CREATED'),

       ('thanhnvhe140127', '$2a$10$2muXk6hqYaoTLnXWCszDaeDE71FGa2hJkh3QPaGKJLRJ77bm6GFJW', 1, null, 'Nguyen Van Thanh',
        'OTHER', 'test.teacher2@gmail.com', null, null, 'CREATED'),
       ('student1',        '$2a$10$2muXk6hqYaoTLnXWCszDaeDE71FGa2hJkh3QPaGKJLRJ77bm6GFJW', 1, null, 'Test Student 1',
        'OTHER', 'test.student1@gmail.com', null, null, 'CREATED'),
       ('student2',        '$2a$10$2muXk6hqYaoTLnXWCszDaeDE71FGa2hJkh3QPaGKJLRJ77bm6GFJW', 1, null, 'Test Student 2',
        'OTHER', 'test.student2@gmail.com', null, null, 'CREATED'),
       ('student3',        '$2a$10$2muXk6hqYaoTLnXWCszDaeDE71FGa2hJkh3QPaGKJLRJ77bm6GFJW', 1, null, 'Test Student 3',
        'OTHER', 'test.student3@gmail.com', null, null, 'CREATED'),
       ('student4',        '$2a$10$2muXk6hqYaoTLnXWCszDaeDE71FGa2hJkh3QPaGKJLRJ77bm6GFJW', 1, null, 'Test Student 4',
        'OTHER', 'test.student4@gmail.com', null, null, 'CREATED'),
       ('student5',        '$2a$10$2muXk6hqYaoTLnXWCszDaeDE71FGa2hJkh3QPaGKJLRJ77bm6GFJW', 1, null, 'Test Student 5',
        'OTHER', 'test.student5@gmail.com', null, null, 'CREATED'),
       ('student6',        '$2a$10$2muXk6hqYaoTLnXWCszDaeDE71FGa2hJkh3QPaGKJLRJ77bm6GFJW', 1, null, 'Test Student 6',
        'OTHER', 'test.student6@gmail.com', null, null, 'CREATED'),
       ('student7',        '$2a$10$2muXk6hqYaoTLnXWCszDaeDE71FGa2hJkh3QPaGKJLRJ77bm6GFJW', 1, null, 'Test Student 7',
        'OTHER', 'test.student7@gmail.com', null, null, 'CREATED'),
       ('student8',        '$2a$10$2muXk6hqYaoTLnXWCszDaeDE71FGa2hJkh3QPaGKJLRJ77bm6GFJW', 1, null, 'Test Student 8',
        'OTHER', 'test.student8@gmail.com', null, null, 'CREATED'),
       ('student9',        '$2a$10$2muXk6hqYaoTLnXWCszDaeDE71FGa2hJkh3QPaGKJLRJ77bm6GFJW', 1, null, 'Test Student 9',
        'OTHER', 'test.student9@gmail.com', null, null, 'CREATED');
--     Password = 123456789

insert into center(addressId, centerName, centerType, centerDesc, centerSize, status)
values (1, 'TeachSync Doi Can',  'ENGLISH', null, 20, 'CREATED'),
       (4, 'TeachSync Mai Dich', 'ENGLISH', null, 25, 'CREATED');

insert into room(centerId, roomType, roomDesc, roomName, roomSize, status)
values (1, 'CLASSROOM', null, '101', 30, 'CREATED'),
       (1, 'CLASSROOM', null, '102', 20, 'CREATED'),
       (1, 'CLASSROOM', null, '103', 20, 'CREATED'),
       (1, 'CLASSROOM', null, '104', 40, 'CREATED'),
       (1, 'CLASSROOM', null, '105', 30, 'CREATED'),

       (2, 'CLASSROOM', null, '101', 25, 'CREATED'),
       (2, 'CLASSROOM', null, '102', 25, 'CREATED'),
       (2, 'CLASSROOM', null, '103', 25, 'CREATED'),
       (2, 'CLASSROOM', null, '104', 25, 'CREATED'),
       (2, 'CLASSROOM', null, '105', 20, 'CREATED');

insert into staff(centerId, userId, staffType, status)
values (1, 3, 'TEACHER', 'CREATED'),
       (2, 6, 'TEACHER', 'CREATED');

insert into course(courseName, courseAlias, courseImg, courseDesc, numSession, minScore, minAttendant, status)
values ('ielts 101', 'ILT101',
        'https://th.bing.com/th/id/OIP.R7Wj-CVruj2Gcx-MmaxmZAHaKe?pid=ImgDet&rs=1',
        null, 14, 5.0, 80, 'CREATED'),
       ('English Grade 1', 'ENG001',
        'https://th.bing.com/th/id/OIP.isjamm3juJANzM_sHKCx0wHaKe?pid=ImgDet&rs=1',
        null, 12, 4.5, 75, 'CREATED'),
       ('English Grade 2', 'ENG002',
        'https://www.geo.tv/assets/uploads/updates/2021-05-03/348462_790220_updates.jpg',
        null, 12, 5.0, 75, 'CREATED'),
       ('English Grade 3', 'ENG003',
        'https://th.bing.com/th/id/OIP.H1Q3_d4okF70VIVYp-YA5AAAAA?pid=ImgDet&w=360&h=470&rs=1',
        null, 12, 5.0, 75, 'CREATED');

insert into price_log(courseId, price, isPromotion, promotionAmount, promotionType, promotionDesc, validFrom, validTo,
                      status)
values (1, 200000, true, 15, 'PERCENT', 'Grand opening super deal, now cheaper ', '2023-06-10 00:00:01', null,
        'CREATED'),
       (2, 100000, true, 20000, 'AMOUNT', 'To help with the first step, now reduce', '2023-06-10 00:00:01', null,
        'CREATED'),
       (3, 125000, false, null, null, null, '2023-06-10 00:00:01', null, 'CREATED'),
       (4, 150000, false, null, null, null, '2023-06-10 00:00:01', null, 'CREATED');

insert into certificate(courseId, certificateName, certificateDesc, status)
values (1, 'Ielts 101', 'You have complete the Ielts 101 course', 'CREATED'),
       (2, 'Eng 1', 'You have complete the Eng 1 course', 'CREATED'),
       (3, 'Eng 2', 'You have complete the Eng 2 course', 'CREATED'),
       (4, 'Eng 3', 'You have complete the Eng 3 course', 'CREATED');

insert into semester(semesterName, semesterAlias, semesterDesc, semesterType, startDate, endDate, status)
values ('Spring 23', 'SP23', 'Spring 23', 'SEASON', '2023-02-05', '2023-04-05', 'CREATED'),
       ('Summer 23', 'SU23', 'Summer 23', 'SEASON', '2023-04-10', '2023-07-10', 'CREATED'),
       ('Fall 23', 'FA23', 'Fall 23', 'SEASON', '2023-07-15', '2023-10-15', 'CREATED'),
       ('Winter 23', 'WI23', 'Winter 23', 'SEASON', '2023-10-20', '2024-01-20', 'CREATED');

insert into course_semester(courseId, semesterId, centerId, status)
values (1, 1, 1, 'CREATED'),
       (1, 2, 1, 'CREATED'),
       (1, 3, 1, 'CREATED'),
       (1, 4, 1, 'CREATED'),
       (2, 1, 1, 'CREATED'),
       (2, 2, 1, 'CREATED'),
       (2, 3, 1, 'CREATED'),
       (2, 4, 1, 'CREATED'),
       (3, 1, 1, 'CREATED'),
       (3, 2, 1, 'CREATED'),
       (3, 3, 1, 'CREATED'),
       (3, 4, 1, 'CREATED'),
       (4, 1, 1, 'CREATED'),
       (4, 2, 1, 'CREATED'),
       (4, 3, 1, 'CREATED'),

       (1, 1, 2, 'CREATED'),
       (1, 2, 2, 'CREATED'),
       (1, 3, 2, 'CREATED'),
       (1, 4, 2, 'CREATED'),
       (2, 1, 2, 'CREATED'),
       (2, 2, 2, 'CREATED'),
       (2, 3, 2, 'CREATED'),
       (2, 4, 2, 'CREATED'),
       (3, 1, 2, 'CREATED'),
       (3, 2, 2, 'CREATED'),
       (3, 3, 2, 'CREATED'),
       (3, 4, 2, 'CREATED'),
       (4, 1, 2, 'CREATED'),
       (4, 2, 2, 'CREATED'),
       (4, 3, 2, 'CREATED');

insert into clazz(courseSemesterId, staffId, clazzName, clazzDesc, clazzSize, status)
values (1,  1, 'ILT101 - 01', null, 15, 'CREATED'),
       (2,  1, 'ILT101 - 02', null, 15, 'CREATED'),

       (5,  1, 'ENG001 - 01', null, 30, 'CREATED'),
       (6,  1, 'ENG001 - 01', null, 30, 'CREATED'),

       (9,  2, 'ENG002 - 01', null, 30, 'CREATED'),
       (10, 2, 'ENG002 - 02', null, 30, 'CREATED'),

       (13, 2, 'ENG003 - 01', null, 25, 'CREATED'),
       (14, 2, 'ENG003 - 02', null, 25, 'CREATED'),

       (12, 2, 'ENG002 - 01', null, 25, 'CREATED');

INSERT INTO schedulecat (`name`, `description`, `status`)
VALUES ('T2,T4,T6', 'T2,T4,T6 hàng tuần', 'CREATED'),
       ('T3,T5,T7', 'T3,T5,T7 hàng tuần', 'CREATED'),
       ('T7,CN',    'T7,CN hàng tuần',    'CREATED'),
       ('T2',       'T2 hàng tuần',       'CREATED');

insert into clazz_schedule(clazzId, roomId, schedulecaId, scheduleType, startDate, endDate, slot, sessionStart, sessionEnd, status)
values (1, 1, 1, 'SCHEDULE', '2023-07-15', '2023-10-15', 1, '07:00:00', '08:30:00', 'CREATED'),
       (2, 3, 2, 'SCHEDULE', '2023-07-15', '2023-10-15', 3, '10:30:00', '12:00:00', 'CREATED'),
       (9, 3, 3, 'SCHEDULE', '2023-10-20', '2024-01-20', 3, '10:30:00', '12:00:00', 'CREATED');

insert into session(roomId, scheduleId, staffId, slot, sessionStart, sessionEnd, status)
values
    (1, 1, 1, 1, '2023-07-18 07:00:00', '2023-07-18 08:30:00', 'CREATED'),
    (1, 1, 1, 1, '2023-07-20 07:00:00', '2023-07-20 08:30:00', 'CREATED'),
    (1, 1, 1, 1, '2023-07-22 07:00:00', '2023-07-22 08:30:00', 'CREATED'),
    (1, 1, 1, 1, '2023-07-25 07:00:00', '2023-07-25 08:30:00', 'CREATED'),
    (1, 1, 1, 1, '2023-07-27 07:00:00', '2023-07-27 08:30:00', 'CREATED'),
    (1, 1, 1, 1, '2023-07-29 07:00:00', '2023-07-29 08:30:00', 'CREATED'),
    (1, 1, 1, 1, '2023-08-02 07:00:00', '2023-08-02 08:30:00', 'CREATED'),
    (1, 1, 1, 1, '2023-08-04 07:00:00', '2023-08-04 08:30:00', 'CREATED'),
    (1, 1, 1, 1, '2023-08-06 07:00:00', '2023-08-06 08:30:00', 'CREATED'),
    (1, 1, 1, 1, '2023-08-09 07:00:00', '2023-08-09 08:30:00', 'CREATED'),
    (1, 1, 1, 1, '2023-08-11 07:00:00', '2023-08-11 08:30:00', 'CREATED'),
    (1, 1, 1, 1, '2023-08-13 07:00:00', '2023-08-13 08:30:00', 'CREATED');

insert into material(materialName, materialImg, materialLink, materialContent, materialType, isFree, status)
values ('Report1 template', '',
        'https://docs.google.com/document/d/1sfaOcv4sjc06r8QTElLPZroI6qcTINiS/edit?usp=drive_link&ouid=104632562605721525408&rtpof=true&sd=true',
        null, 'WORD', true, 'CREATED'),
       ('Report2 template', '',
        'https://docs.google.com/document/d/1E2Y6yXyRXhPe2td95RDszVZ8xY7WKdIg/edit?usp=drive_link&ouid=104632562605721525408&rtpof=true&sd=true',
        null, 'WORD', true, 'CREATED'),
       ('Report3 template', '',
        'https://docs.google.com/spreadsheets/d/17m8myHDMoVnW8hF4TVp6q-VVZWq1SO1J/edit?usp=drive_link&ouid=104632562605721525408&rtpof=true&sd=true',
        null, 'EXCEL', false, 'CREATED'),
       ('Report4 template', '',
        'https://docs.google.com/document/d/1bW8_eQIYvOIz3chOa20IqxjwrwVAnmJ1/edit?usp=drive_link&ouid=104632562605721525408&rtpof=true&sd=true',
        null, 'WORD', false, 'CREATED');

insert into course_material(courseId, materialId, status)
values (1, 1, 'CREATED'),
       (1, 2, 'CREATED'),
       (1, 3, 'CREATED'),
       (1, 4, 'CREATED'),

       (2, 1, 'CREATED'),
       (2, 2, 'CREATED'),
       (2, 4, 'CREATED'),

       (3, 3, 'CREATED'),
       (3, 4, 'CREATED');

INSERT INTO clazz_member(clazzId, userId, status)
VALUES (1, 1, 'CREATED'),
       (2, 1, 'CREATED'),
       (3, 1, 'CREATED'),
       (4, 1, 'CREATED'),
       (5, 1, 'CREATED'),
       (6, 1, 'CREATED'),
       (7, 1, 'CREATED'),
       (1, 7, 'CREATED'),
       (2, 7, 'CREATED'),
       (3, 7, 'CREATED'),
       (4, 7, 'CREATED'),
       (5, 7, 'CREATED'),
       (6, 7, 'CREATED'),
       (7, 7, 'CREATED');

INSERT INTO test(courseId, testName, testType, testImg, testDesc, timeLimit,
                 numQuestion, questionType, minScore, testWeight, totalScore, status)
VALUES (1, 'ielts 101', 'FIFTEEN_MINUTE', NULL, 'ESSAY',    15,  2, 'ESSAY',    1, 1, NULL, 'CREATED'),
       (1, 'ielts 101', 'MIDTERM',        NULL, 'ESSAY',    45,  1, 'ESSAY',    1, 3, NULL, 'CREATED'),
       (1, 'ielts 101', 'FINAL',          NULL, 'MULTIPLE', 120, 5, 'MULTIPLE', 4, 5, NULL, 'CREATED');

INSERT INTO question(testId, questionType, questionDesc, questionPrompt, questionScore, status)
VALUES (1, 'ESSAY', 'Write something about your family (200 word)',
        NULL, 1, 'CREATED'),
       (1, 'ESSAY', 'Write about the reason why we should have a pet (300 word)',
        NULL, 1, 'CREATED'),
       (2, 'ESSAY', 'Write about the US president, how and why he is winner in 2021 (500 word)',
        NULL, 1, 'CREATED'),

       (3, 'MULTIPLE', 'Does he have math on Friday? - Yes, he _______________.',
        'Choose the option that best fits each of the blanks.', 1, 'CREATED'),
       (3, 'MULTIPLE', 'My class finishes at half _______________ ten.',
        'Choose the option that best fits each of the blanks.', 1, 'CREATED'),
       (3, 'MULTIPLE', '_______________ do you go to school? - By bike.',
        'Choose the option that best fits each of the blanks.', 1, 'CREATED'),
       (3, 'MULTIPLE', 'I take a bus to school every day, but I am _______________ to school now.',
        'Choose the option that best fits each of the blanks.', 1, 'CREATED'),
       (3, 'MULTIPLE', '_______________ a truck in front of the store.',
        'Choose the option that best fits each of the blanks.', 1, 'CREATED');

INSERT INTO answer(questionId, answerDesc, answerScore, isCorrect, status)
VALUES (4, 'is',        0, false, 'CREATED'),
       (4, 'does',      1, true,  'CREATED'),
       (4, 'doesn\'t',  0, false, 'CREATED'),
       (5, 'to',        0, false, 'CREATED'),
       (5, 'pass',      1, true,  'CREATED'),
       (5, 'past',      0, false, 'CREATED'),
       (6, 'What',      0, false, 'CREATED'),
       (6, 'How',       1, true,  'CREATED'),
       (6, 'Why',       0, false, 'CREATED'),
       (7, 'walking',   1, true,  'CREATED'),
       (7, 'walk',      0, false, 'CREATED'),
       (8, 'These is',  1, true,  'CREATED'),
       (8, 'These are', 0, false, 'CREATED'),
       (8, 'Those are', 0, false, 'CREATED');

INSERT INTO clazz_test(clazzId, testId, openFrom, openTo, status)
VALUES (1, 1, '2023-08-18 09:56:41', '2023-09-18 09:56:41', 'CREATED'),
       (1, 2, '2023-08-18 09:56:41', '2023-09-18 09:56:41', 'CREATED'),
       (1, 3, '2023-08-18 09:56:41', '2023-09-18 09:56:41', 'CREATED');

INSERT INTO member_test_record(memberId, clazzTestId, startAt, submitAt, score, status)
VALUES (8, 1, '2023-08-18 10:17:31', '2023-08-18 10:18:47', 5, 'DONE'),
       (9, 3, '2023-08-18 10:19:53', '2023-08-18 10:20:11', 4, 'DONE');

INSERT INTO test_record(memberTestRecordId, questionId, answerId, answerTxt, score, status)
VALUES (1, 1, NULL, 'My sister is a doctor.',     0, 'CREATED'),
       (1, 2, NULL, 'Don\'t buy it if you poor.', 1, 'CREATED'),
       (2, 4, 3,    NULL,                         0, 'CREATED'),
       (2, 5, 5,    NULL,                         1, 'CREATED'),
       (2, 6, 8,    NULL,                         1, 'CREATED'),
       (2, 7, 11,   NULL,                         0, 'CREATED'),
       (2, 8, 14,   NULL,                         0, 'CREATED');

INSERT INTO homework(clazzId, homeworkName, homeworkDesc, homeworkDoc, homeworkContent, openAt, deadline, status)
VALUES (1, 'bai tap 1 ', 'bai tap 1 ',
        'https://zingmp3.vn/album/V-Pop-Hits-Thap-Nien-2010-Noo-Phuoc-Thinh-Huong-Tram-ERIK-Dong-Nhi/ZECE0ZD6.html', NULL,
        '2023-08-14 02:07:00', '2023-08-19 02:07:00', 'CREATED'),
       (1, 'demo up file', 'demo up file',
        'https://zingmp3.vn/album/V-Pop-Hits-Thap-Nien-2010-Noo-Phuoc-Thinh-Huong-Tram-ERIK-Dong-Nhi/ZECE0ZD6.html', '',
        '2023-08-15 19:26:00', '2023-08-30 19:26:00', 'CREATED'),
       (1, 'demo upload file 2 ', 'demo upload file 2 ',
        'https://zingmp3.vn/album/V-Pop-Hits-Thap-Nien-2010-Noo-Phuoc-Thinh-Huong-Tram-ERIK-Dong-Nhi/ZECE0ZD6.html', '',
        '2023-08-08 19:27:00', '2023-08-23 19:27:00', 'CREATED'),
       (1, 'demo-file 3', 'demo-file 3',
        'https://zingmp3.vn/album/V-Pop-Hits-Thap-Nien-2010-Noo-Phuoc-Thinh-Huong-Tram-ERIK-Dong-Nhi/ZECE0ZD6.html',
        'https://firebasestorage.googleapis.com/v0/b/teachsync.appspot.com/o/1692620909241-f.txt?alt=media&token=c10c5aca-1c63-4a68-994c-d2f1cd57e620',
        '2023-08-15 19:28:00', '2023-08-22 19:28:00', 'CREATED');